url	first_seen	portal	title	company	status	location
https://job-boards.eu.greenhouse.io/polyai/jobs/4855037101	2026-06-03	greenhouse-api	Forward Deployed AI Engineer (Must be based in Toronto, Canada)	PolyAI	added	Toronto, Canada
https://job-boards.eu.greenhouse.io/polyai/jobs/4796935101	2026-06-03	greenhouse-api	Forward Deployed AI Engineer (Must be PST timezone)	PolyAI	added	United States {West Coast}
https://job-boards.eu.greenhouse.io/polyai/jobs/4880510101	2026-06-03	greenhouse-api	Forward Deployed AI Engineer - Vancouver	PolyAI	added	Vancouver
https://www.rubrik.com/company/careers/departments/job.7510636?gh_jid=7510636	2026-06-03	greenhouse-api	Architect, AI Data Platform & Engineering	Rubrik	added	Bengaluru, India
https://www.rubrik.com/company/careers/departments/job.7844785?gh_jid=7844785	2026-06-03	greenhouse-api	Software Engineer - CPD (SME)	Rubrik	added	Bangalore
https://job-boards.greenhouse.io/anthropic/jobs/5208218008	2026-06-03	greenhouse-api	AI Compliance Officer	Anthropic	added	Dublin, IE
https://job-boards.greenhouse.io/anthropic/jobs/5183044008	2026-06-03	greenhouse-api	Anthropic Fellows Program, AI Safety	Anthropic	added	London, UK; Ontario, CAN; Remote-Friendly, United States; San Francisco, CA
https://job-boards.greenhouse.io/anthropic/jobs/5030244008	2026-06-03	greenhouse-api	Anthropic Fellows Program, AI Security	Anthropic	added	London, UK; Ontario, CAN; Remote-Friendly, United States; San Francisco, CA
https://job-boards.greenhouse.io/anthropic/jobs/5183051008	2026-06-03	greenhouse-api	Anthropic Fellows Program, ML Systems & Performance	Anthropic	added	London, UK; Ontario, CAN; Remote-Friendly, United States; San Francisco, CA
https://job-boards.greenhouse.io/anthropic/jobs/5226862008	2026-06-03	greenhouse-api	Applied AI Architect, Applied AI (Digital Natives Business)	Anthropic	added	Munich, Germany
https://job-boards.greenhouse.io/anthropic/jobs/5031670008	2026-06-03	greenhouse-api	Applied AI Architect, Industries	Anthropic	added	London, UK
https://job-boards.greenhouse.io/anthropic/jobs/5161728008	2026-06-03	greenhouse-api	Applied AI Architect, Partnerships	Anthropic	added	Paris, France
https://job-boards.greenhouse.io/anthropic/jobs/5228931008	2026-06-03	greenhouse-api	Applied AI Architect (Startups)	Anthropic	added	Dublin, IE
https://job-boards.greenhouse.io/anthropic/jobs/4968059008	2026-06-03	greenhouse-api	Applied AI Architect, Startups	Anthropic	added	London, UK
https://job-boards.greenhouse.io/anthropic/jobs/5146028008	2026-06-03	greenhouse-api	Applied AI Engineer, Beneficial Deployments	Anthropic	added	Bangalore, India
https://job-boards.greenhouse.io/anthropic/jobs/5218573008	2026-06-03	greenhouse-api	Enterprise Account Executive - Retail	Anthropic	added	London, UK
https://job-boards.greenhouse.io/anthropic/jobs/5161882008	2026-06-03	greenhouse-api	IT Systems Engineer, Enterprise SaaS	Anthropic	added	Remote-Friendly (Travel-Required) | San Francisco, CA | Seattle, WA | New York City, NY
https://job-boards.greenhouse.io/anthropic/jobs/5227643008	2026-06-03	greenhouse-api	[London] Applied AI Architect (Public Sector) 	Anthropic	added	London, UK
https://job-boards.greenhouse.io/anthropic/jobs/5119713008	2026-06-03	greenhouse-api	Research Engineer, Pretraining	Anthropic	added	London, UK
https://job-boards.greenhouse.io/anthropic/jobs/4938436008	2026-06-03	greenhouse-api	Research Engineer, Pretraining Scaling - London	Anthropic	added	London, UK
https://job-boards.greenhouse.io/anthropic/jobs/4616971008	2026-06-03	greenhouse-api	Research Engineer/Research Scientist, Pre-training	Anthropic	added	Remote-Friendly (Travel-Required) | San Francisco, CA | Seattle, WA | New York City, NY
https://job-boards.greenhouse.io/anthropic/jobs/5238606008	2026-06-03	greenhouse-api	Software Engineer, RL Data	Anthropic	added	London, UK; Remote-Friendly (Travel-Required) | San Francisco, CA | Seattle, WA | New York City, NY
https://job-boards.greenhouse.io/anthropic/jobs/5074908008	2026-06-03	greenhouse-api	Software Engineer, Safeguards Infrastructure 	Anthropic	added	London, UK
https://job-boards.greenhouse.io/anthropic/jobs/5117581008	2026-06-03	greenhouse-api	Solutions Architect, Applied AI 	Anthropic	added	Bangalore, India
https://databricks.com/company/careers/open-positions/job?gh_jid=8551533002	2026-06-03	greenhouse-api	AI Engineer - FDE (Forward Deployed Engineer)	Databricks	added	Paris, France
https://databricks.com/company/careers/open-positions/job?gh_jid=8501390002	2026-06-03	greenhouse-api	AI Solutions Architect (Pre-sales) - Strategic Accounts	Databricks	added	Amsterdam, Netherlands
https://databricks.com/company/careers/open-positions/job?gh_jid=8462016002	2026-06-03	greenhouse-api	Data & AI Platform Architect (Professional Services)	Databricks	added	Amsterdam, Netherlands
https://databricks.com/company/careers/open-positions/job?gh_jid=8554531002	2026-06-03	greenhouse-api	Data and AI Solution Architect (Professional Services)	Databricks	added	Munich, Germany
https://databricks.com/company/careers/open-positions/job?gh_jid=6966448002	2026-06-03	greenhouse-api	Delivery Solutions Architect - Communications, Media, Entertainment & Games	Databricks	added	United States
https://databricks.com/company/careers/open-positions/job?gh_jid=8476506002	2026-06-03	greenhouse-api	Field Engineering, AI/ML Product Specialist	Databricks	added	Singapore
https://databricks.com/company/careers/open-positions/job?gh_jid=8569436002	2026-06-03	greenhouse-api	Lakebase Sales Specialist - Retail	Databricks	added	United States
https://databricks.com/company/careers/open-positions/job?gh_jid=8461245002	2026-06-03	greenhouse-api	Resident Solutions Architect - Communications, Media, Entertainment & Games	Databricks	added	Florida, United States
https://databricks.com/company/careers/open-positions/job?gh_jid=8029666002	2026-06-03	greenhouse-api	Software Engineer - Backend	Databricks	added	Amsterdam, Netherlands
https://databricks.com/company/careers/open-positions/job?gh_jid=8029677002	2026-06-03	greenhouse-api	Software Engineer - Fullstack	Databricks	added	Amsterdam, Netherlands
https://databricks.com/company/careers/open-positions/job?gh_jid=8353757002	2026-06-03	greenhouse-api	Solutions Architect: Data & AI	Databricks	added	Bengaluru, India
https://databricks.com/company/careers/open-positions/job?gh_jid=8346277002	2026-06-03	greenhouse-api	Solutions Architect : Data & AI - Digital Native 	Databricks	added	Bengaluru, India
https://databricks.com/company/careers/open-positions/job?gh_jid=6049142002	2026-06-03	greenhouse-api	Solutions Architect, Retail 	Databricks	added	Remote - Ohio
https://databricks.com/company/careers/open-positions/job?gh_jid=8452396002	2026-06-03	greenhouse-api	Solutions Architect (Retail/CPG)	Databricks	added	London, United Kingdom
https://databricks.com/company/careers/open-positions/job?gh_jid=6649865002	2026-06-03	greenhouse-api	Solutions Architect, Retail - CPG	Databricks	added	Central - United States
https://databricks.com/company/careers/open-positions/job?gh_jid=8487768002	2026-06-03	greenhouse-api	Solutions Architect, Strategic Retail - Central 	Databricks	added	United States
https://databricks.com/company/careers/open-positions/job?gh_jid=8499585002	2026-06-03	greenhouse-api	Solutions Architect (Taiwan)	Databricks	added	Singapore
https://databricks.com/company/careers/open-positions/job?gh_jid=8544533002	2026-06-03	greenhouse-api	Specialist Solutions Architect - AI/ML	Databricks	added	United States
https://databricks.com/company/careers/open-positions/job?gh_jid=8525037002	2026-06-03	greenhouse-api	Specialist Solutions Architect - Cloud Infrastructure & Platform	Databricks	added	United States
https://databricks.com/company/careers/open-positions/job?gh_jid=7994379002	2026-06-03	greenhouse-api	Strategic Account Executive - Retail 	Databricks	added	London, United Kingdom
https://databricks.com/company/careers/open-positions/job?gh_jid=8441890002	2026-06-03	greenhouse-api	Strategic AI/BI Account Executive	Databricks	added	Remote - New York
https://databricks.com/company/careers/open-positions/job?gh_jid=8458710002	2026-06-03	greenhouse-api	Strategic Core Account Executive - Retail 	Databricks	added	Remote - Ohio
https://job-boards.greenhouse.io/couchbaseinc/jobs/4654923006	2026-06-03	greenhouse-api	Solutions Engineer	Couchbase	added	Sweden
https://job-boards.greenhouse.io/couchbaseinc/jobs/4667687006	2026-06-03	greenhouse-api	Solutions Engineer (Mandarin Speaker)	Couchbase	added	Singapore
https://job-boards.greenhouse.io/intercom/jobs/7824142	2026-06-03	greenhouse-api	AI Infrastructure Engineer	Intercom	added	Berlin, Germany
https://job-boards.greenhouse.io/intercom/jobs/7948297	2026-06-03	greenhouse-api	Business Development Representative, Emerging AI Products 	Intercom	added	Dublin, Ireland
https://job-boards.greenhouse.io/intercom/jobs/7556413	2026-06-03	greenhouse-api	Forward Deployed Software Engineer	Intercom	added	London, England
https://job-boards.greenhouse.io/intercom/jobs/7930382	2026-06-03	greenhouse-api	IT Systems Engineer	Intercom	added	Dublin, Ireland; London, England
https://job-boards.greenhouse.io/humeai/jobs/4775962008	2026-06-03	greenhouse-api	AI Researcher	Hume AI	added	NYC, San Jose, or Remote
https://job-boards.eu.greenhouse.io/parloa/jobs/4858437101	2026-06-03	greenhouse-api	Business Development Representative (Spain)	Parloa	added	London Office
https://job-boards.eu.greenhouse.io/parloa/jobs/4694431101	2026-06-03	greenhouse-api	Forward Deployed Engineer, DevOps	Parloa	added	Berlin Office; Munich Office; Remotely in Germany
https://job-boards.eu.greenhouse.io/parloa/jobs/4799672101	2026-06-03	greenhouse-api	Forward Deployed Engineer, VoIP	Parloa	added	New York Office; Remotely in the USA
https://jobs.ashbyhq.com/deepgram/1395ef4d-883a-4006-85a1-4e7d44623431	2026-06-03	ashby-api	Pre-Sales Solutions Engineer (EST or PST)	Deepgram	added	USA | Remote
https://jobs.ashbyhq.com/deepgram/0796cc37-96a7-4158-8a00-155962da275a	2026-06-03	ashby-api	Backend Software Engineer - Active Learning Team	Deepgram	added	USA | Remote
https://jobs.ashbyhq.com/deepgram/9a030b32-d671-43e0-a221-4653bb73ba29	2026-06-03	ashby-api	Research Engineer, Machine Learning Systems	Deepgram	added	USA | Remote
https://jobs.ashbyhq.com/deepgram/f424ef6a-c27f-4984-9e77-40a1ad16ae28	2026-06-03	ashby-api	Site Reliability Engineer - AI & ML Infrastructure (Kubernetes, AWS & Terraform)	Deepgram	added	USA | Remote
https://jobs.ashbyhq.com/deepgram/7c7064bb-2bf0-4f64-81cc-14afe79a15c1	2026-06-03	ashby-api	Backend Software Engineer - Engine Team (Voice Agent)	Deepgram	added	USA | Remote
https://jobs.ashbyhq.com/deepgram/7ced4c1f-4126-44fe-9cf1-da427a9e4e3e	2026-06-03	ashby-api	ML Ops Infrastructure Engineer	Deepgram	added	USA | Remote
https://jobs.ashbyhq.com/deepgram/b4c48280-9b6c-4545-be49-b33e0b6076cd	2026-06-03	ashby-api	Network Engineer, Real-Time Infrastructure	Deepgram	added	USA | Remote
https://jobs.ashbyhq.com/deepgram/ff392127-1eb6-4fc7-838e-a3243923ba76	2026-06-03	ashby-api	Systems Architect AI/ML Infrastructure	Deepgram	added	USA | Remote
https://jobs.ashbyhq.com/deepgram/378e83b4-28c0-4b4e-8cf0-9355712bd06d	2026-06-03	ashby-api	Billing & Analytics Software Engineer	Deepgram	added	USA | Remote
https://jobs.ashbyhq.com/elevenlabs/275f43d0-b62d-401d-830c-7c1ac0e688aa	2026-06-03	ashby-api	Enterprise Solutions Engineer - North America	ElevenLabs	added	United States
https://jobs.ashbyhq.com/elevenlabs/5881bc5d-765a-430e-9d28-7d598a0e1a03	2026-06-03	ashby-api	Full-Stack Growth Engineer 	ElevenLabs	added	United Kingdom
https://jobs.ashbyhq.com/elevenlabs/c7d59014-b918-4c15-ae33-79f5c9f2cf9f	2026-06-03	ashby-api	Full-Stack Engineer (Back-End Leaning)	ElevenLabs	added	United Kingdom
https://jobs.ashbyhq.com/elevenlabs/ada7cd2c-8b9f-4f19-a88b-7c2ca1be1fde	2026-06-03	ashby-api	Full-Stack Engineer (Front-End Leaning)	ElevenLabs	added	United Kingdom
https://jobs.ashbyhq.com/elevenlabs/6a530871-b6c6-4783-ac6b-69cc3b084192	2026-06-03	ashby-api	Full-Stack Engineer	ElevenLabs	added	United Kingdom
https://jobs.ashbyhq.com/elevenlabs/b081fafb-3659-4bf6-8e87-eb5ccc3ff234	2026-06-03	ashby-api	Enterprise Solutions Engineer - Spain	ElevenLabs	added	Spain
https://jobs.ashbyhq.com/elevenlabs/6848ece5-1ce5-4ab4-9dd6-0704cd0f8ecd	2026-06-03	ashby-api	Deployment Strategist - Spain	ElevenLabs	added	Spain
https://jobs.ashbyhq.com/elevenlabs/1034a604-b714-428b-a9fd-fa8c0cd795cf	2026-06-03	ashby-api	Enterprise Account Executive - Spain	ElevenLabs	added	Spain
https://jobs.ashbyhq.com/elevenlabs/ce00fe7b-a93a-436b-bd5e-2eff87c48f23	2026-06-03	ashby-api	Enterprise Solutions Engineer - France	ElevenLabs	added	France
https://jobs.ashbyhq.com/elevenlabs/3178581d-ea70-4dee-b018-2ce2d2a18bbe	2026-06-03	ashby-api	AI Creative Producer	ElevenLabs	added	United Kingdom
https://jobs.ashbyhq.com/elevenlabs/b95f7f0b-f22f-4fc4-9d9f-87f5485b0a1f	2026-06-03	ashby-api	Enterprise Solutions Engineer - EU (German Speaking)	ElevenLabs	added	Germany
https://jobs.ashbyhq.com/elevenlabs/4509df6f-b839-44d6-b31f-d7f364cec949	2026-06-03	ashby-api	Enterprise Solutions Engineer - Europe	ElevenLabs	added	United Kingdom
https://jobs.ashbyhq.com/elevenlabs/b92059ea-d71f-4eef-a184-8510265752fb	2026-06-03	ashby-api	Systems Analyst	ElevenLabs	added	United Kingdom
https://jobs.ashbyhq.com/elevenlabs/7664e3c4-2336-4d1a-90cf-91d1268de10d	2026-06-03	ashby-api	Forward Deployed Engineer - Software Engineer - Spain	ElevenLabs	added	Spain
https://jobs.ashbyhq.com/elevenlabs/fb1fd9cc-bd6d-4895-be29-4bc37d0c31a0	2026-06-03	ashby-api	Solutions Engineer - India	ElevenLabs	added	India
https://jobs.ashbyhq.com/elevenlabs/5d01b08d-a300-4f29-93e4-039147d7ddd7	2026-06-03	ashby-api	Enterprise Solutions Engineer - Oceania	ElevenLabs	added	Australia
https://jobs.ashbyhq.com/elevenlabs/2451b957-0ece-4e73-88e4-4196aac0ba86	2026-06-03	ashby-api	AI Creative Producer - Ads	ElevenLabs	added	United States
https://jobs.ashbyhq.com/elevenlabs/1a9d687d-0030-4732-8160-f1da54844bba	2026-06-03	ashby-api	Enterprise Solutions Engineer - ANZ	ElevenLabs	added	Australia
https://jobs.ashbyhq.com/elevenlabs/d46c3fc8-b87b-4b8b-bcc2-759944f77ae5	2026-06-03	ashby-api	Enterprise Solutions Engineer - Germany	ElevenLabs	added	Germany
https://jobs.ashbyhq.com/elevenlabs/36bdb528-004b-482c-8924-33b27b76121f	2026-06-03	ashby-api	Forward Deployed Engineer - Software Engineer - Singapore	ElevenLabs	added	Singapore
https://jobs.ashbyhq.com/elevenlabs/85b7489f-5b0c-4f21-9c1c-7b76ed904c44	2026-06-03	ashby-api	Enterprise Solutions Engineer - Singapore	ElevenLabs	added	Singapore
https://jobs.ashbyhq.com/elevenlabs/1285b935-1398-4116-8576-70a58896faa8	2026-06-03	ashby-api	Enterprise Solutions Engineer - Middle East	ElevenLabs	added	UAE 
https://jobs.ashbyhq.com/elevenlabs/687394d7-fbf8-49ed-822e-c0690191330c	2026-06-03	ashby-api	Infrastructure Security Engineer	ElevenLabs	added	United Kingdom
https://job-boards.greenhouse.io/vercel/jobs/5530586004	2026-06-03	greenhouse-api	Developer Success Engineer 	Vercel	added	Remote - United Kingdom, Germany
https://job-boards.greenhouse.io/vercel/jobs/5778418004	2026-06-03	greenhouse-api	Forward-Deployed Engineer	Vercel	added	Hybrid - London, Berlin
https://job-boards.greenhouse.io/vercel/jobs/5430088004	2026-06-03	greenhouse-api	Software Engineer, Backend	Vercel	added	Remote - United States
https://job-boards.greenhouse.io/vercel/jobs/5473266004	2026-06-03	greenhouse-api	Software Engineer, CDN Security	Vercel	added	Remote - United States
https://job-boards.greenhouse.io/vercel/jobs/5551619004	2026-06-03	greenhouse-api	Software Engineer, Compute	Vercel	added	Remote - United States
https://job-boards.greenhouse.io/vercel/jobs/5661583004	2026-06-03	greenhouse-api	Software Engineer, Lua	Vercel	added	Remote - United States
https://job-boards.greenhouse.io/airtable/jobs/8409168002	2026-06-03	greenhouse-api	AI Agent Architect, Customer Experience	Airtable	added	Remote - US
https://job-boards.greenhouse.io/airtable/jobs/8442397002	2026-06-03	greenhouse-api	Software Engineer, Compute (8+ YOE)	Airtable	added	San Francisco, CA; New York, NY; Remote - US
https://job-boards.greenhouse.io/airtable/jobs/8400388002	2026-06-03	greenhouse-api	Software Engineer, Infrastructure (8+ YOE)	Airtable	added	San Francisco, CA; New York, NY; Remote - US (Seattle, WA only)
https://job-boards.greenhouse.io/airtable/jobs/8397618002	2026-06-03	greenhouse-api	Software Engineer, Product Backend (8+ YOE)	Airtable	added	San Francisco, CA; Remote - US (Seattle, WA only)
https://job-boards.greenhouse.io/arizeai/jobs/5989512004	2026-06-03	greenhouse-api	AI Application Engineer, APJ	Arize AI	added	Remote (Singapore)
https://job-boards.greenhouse.io/arizeai/jobs/5793354004	2026-06-03	greenhouse-api	AI Sales Engineer, EMEA	Arize AI	added	EMEA (Remote)
https://job-boards.greenhouse.io/arizeai/jobs/5792327004	2026-06-03	greenhouse-api	AI Sales Engineer, US	Arize AI	added	Remote (United States)
https://job-boards.greenhouse.io/arizeai/jobs/5993755004	2026-06-03	greenhouse-api	AI Solutions Engineer, East	Arize AI	added	Remote (New York)
https://job-boards.greenhouse.io/arizeai/jobs/5781408004	2026-06-03	greenhouse-api	AI Solutions Engineer, EMEA	Arize AI	added	Remote (EMEA)
https://job-boards.greenhouse.io/arizeai/jobs/5797408004	2026-06-03	greenhouse-api	AI Solutions Engineer, West	Arize AI	added	Remote (San Francisco)
https://job-boards.greenhouse.io/arizeai/jobs/5704428004	2026-06-03	greenhouse-api	Developer Relations Engineer	Arize AI	added	Remote (San Francisco)
https://job-boards.greenhouse.io/arizeai/jobs/5980312004	2026-06-03	greenhouse-api	DevSecOps Engineer (TypeScript & Agentic AI)	Arize AI	added	Remote/Hybrid (SoCal)
https://job-boards.greenhouse.io/arizeai/jobs/5993317004	2026-06-03	greenhouse-api	Forward Deployed Engineer, APJ	Arize AI	added	Remote (Singapore)
https://job-boards.greenhouse.io/arizeai/jobs/6002637004	2026-06-03	greenhouse-api	Forward Deployed Engineer, US	Arize AI	added	Remote (United States)
https://job-boards.greenhouse.io/runpod/jobs/5173070008	2026-06-03	greenhouse-api	Forward Deployed Engineer APAC	RunPod	added	Remote, APAC
https://job-boards.greenhouse.io/runpod/jobs/4785681008	2026-06-03	greenhouse-api	Software Engineer (Full-Stack) 	RunPod	added	Remote, USA
https://jobs.ashbyhq.com/decagon/28366d07-ae89-428c-8593-1840591bfc18	2026-06-03	ashby-api	Software Engineer, Agents	Decagon	added	London
https://jobs.ashbyhq.com/decagon/78745829-74ee-41cb-836c-480ca7bf9edc	2026-06-03	ashby-api	Strategic Solutions Engineer, West	Decagon	added	Remote
https://jobs.ashbyhq.com/decagon/95dadea4-8bd2-421a-bf3f-51c04e102ee2	2026-06-03	ashby-api	Enterprise Solutions Engineer	Decagon	added	Australia
https://jobs.ashbyhq.com/zapier/6948a0e6-a580-4e9d-b109-20652d9a1507	2026-06-03	ashby-api	Software Engineer — Release Engineering	Zapier	added	India
https://jobs.ashbyhq.com/sierra/b7d1dbcd-ca72-472f-b15e-5b4b0f886be0	2026-06-03	ashby-api	Software Engineer, Agent	Sierra	added	London
https://jobs.ashbyhq.com/sierra/9ebc3a79-82bf-478d-bd98-d473d41bdeaf	2026-06-03	ashby-api	Software Engineer, Agent (German speaking)	Sierra	added	London
https://jobs.ashbyhq.com/sierra/9d9e7d4a-2a27-4f64-9b1f-d79c5d3f129a	2026-06-03	ashby-api	Software Engineer, Agent (French speaking)	Sierra	added	London
https://jobs.ashbyhq.com/sierra/aadfc0a0-93f6-454b-9767-c24793fa3eff	2026-06-03	ashby-api	Software Engineer, Agent (Spanish speaking)	Sierra	added	London
https://jobs.ashbyhq.com/sierra/6207b02d-d334-4000-b84e-2af779171838	2026-06-03	ashby-api	Software Engineer, Agent (Italian speaking)	Sierra	added	London
https://jobs.ashbyhq.com/sierra/ce463311-0c6c-43d9-ab79-dd751743104f	2026-06-03	ashby-api	Software Engineer, Agent (Arabic speaking)	Sierra	added	London
https://jobs.ashbyhq.com/sierra/23efd6e0-a64d-4421-b684-bbd44e5c752e	2026-06-03	ashby-api	Developer Relations Engineer	Sierra	added	London
https://jobs.ashbyhq.com/sierra/39355227-d7a2-4066-b930-2bf2eeebc20c	2026-06-03	ashby-api	Sales Engineer (Spain)	Sierra	added	Madrid
https://jobs.ashbyhq.com/sierra/b8a89b9a-70a1-4e47-874c-41542d1bc60a	2026-06-03	ashby-api	Software Engineer, Agent (Korean Speaking)	Sierra	added	Singapore
https://jobs.ashbyhq.com/sierra/1162dcd2-b181-49d5-9316-342cd68acbed	2026-06-03	ashby-api	Software Engineer, Agent (Thai Speaking)	Sierra	added	Singapore
https://jobs.ashbyhq.com/sierra/a4541730-ae7f-4771-b3e9-7f9da6cc5d23	2026-06-03	ashby-api	Software Engineer, Agent (Cantonese Speaking)	Sierra	added	Singapore
https://jobs.ashbyhq.com/n8n/dd8e10d7-81ce-4b03-8ce3-f32c3423f33e	2026-06-03	ashby-api	Community Software Engineer | Remote | Europe	n8n	added	Berlin Office
https://job-boards.greenhouse.io/gleanwork/jobs/4651991005	2026-06-03	greenhouse-api	Founding Forward Deployed Engineer	Glean	added	Remote - US
https://job-boards.greenhouse.io/gleanwork/jobs/4006731005	2026-06-03	greenhouse-api	Software Engineer, Backend	Glean	added	Bangalore, India
https://job-boards.greenhouse.io/gleanwork/jobs/4012745005	2026-06-03	greenhouse-api	Software Engineer, Machine Learning	Glean	added	Bangalore, India
https://jobs.ashbyhq.com/langchain/671f9372-8646-4f6a-a473-61bfa7cafa4b	2026-06-03	ashby-api	Deployed Engineer (Amsterdam)	LangChain	added	Amsterdam
https://jobs.ashbyhq.com/langchain/650a8598-2b20-40b8-a4d7-4a9196fe3609	2026-06-03	ashby-api	Deployed Engineer (Sydney)	LangChain	added	Australia
https://jobs.ashbyhq.com/langchain/ba447a0b-2f52-484e-b3f6-b15c6445bdf9	2026-06-03	ashby-api	Deployed Engineer (South EMEA)	LangChain	added	London
https://jobs.ashbyhq.com/langchain/5f5f8239-603c-47ca-a1ee-5a7ed34b502d	2026-06-03	ashby-api	Deployed Engineer (UK)	LangChain	added	London
https://jobs.ashbyhq.com/langchain/31ff2b5b-d5c5-443e-bf11-ef02481df579	2026-06-03	ashby-api	Deployed Engineer (Germany)	LangChain	added	Germany
https://jobs.ashbyhq.com/langchain/31483b31-68c5-4603-8a84-0051634100c0	2026-06-03	ashby-api	Deployed Engineer (Stockholm)	LangChain	added	Sweden
https://jobs.ashbyhq.com/langchain/c02afa2f-5544-411d-a4e2-8bdc199b0c53	2026-06-03	ashby-api	Deployed Engineer (Singapore)	LangChain	added	Singapore
https://job-boards.eu.greenhouse.io/speechmatics/jobs/4792165101	2026-06-03	greenhouse-api	Forward Deployed Engineer	Speechmatics	added	San Francisco, California, United States
https://jobs.ashbyhq.com/cohere/b9c8c98e-b0fa-43b6-93b0-fa780d956066	2026-06-03	ashby-api	Software Engineer, Security	Cohere	added	Toronto
https://jobs.ashbyhq.com/cohere/69a9ab2e-a7eb-4c4f-825a-5c25cf063900	2026-06-03	ashby-api	Forward Deployed Engineer, Infrastructure Specialist (UK/EU/ME)	Cohere	added	United Kingdom
https://jobs.ashbyhq.com/cohere/be48aafc-9610-4ebd-8414-a0722a3cd59a	2026-06-03	ashby-api	Forward Deployed Engineer, Infrastructure Specialist (North America)	Cohere	added	Toronto
https://jobs.ashbyhq.com/cohere/df93ec57-d51e-4466-93be-4878c5fda4da	2026-06-03	ashby-api	Software Engineer - Applied ML - UK Public Sector	Cohere	added	London
https://jobs.ashbyhq.com/cohere/2786dc50-5662-461a-9946-a821ad42816f	2026-06-03	ashby-api	Software Engineer, Collect	Cohere	added	Toronto
https://jobs.ashbyhq.com/cohere/b0bcef37-1d20-414f-aade-c54942d63df9	2026-06-03	ashby-api	Forward Deployed Engineer, Agentic Platform	Cohere	added	United States
https://jobs.ashbyhq.com/cohere/6745547c-cc72-466c-867c-a0539b04909b	2026-06-03	ashby-api	Forward Deployed Engineer, Prompt Specialist	Cohere	added	Toronto
https://jobs.ashbyhq.com/cohere/64fb905c-b3b4-4fcf-9e1c-a806c9c40068	2026-06-03	ashby-api	Software Engineer, Search Applications	Cohere	added	Toronto
https://jobs.ashbyhq.com/cohere/ef9b939d-da66-464c-a878-ef45616c0473	2026-06-03	ashby-api	Software Engineer, GPU Infrastructure (HPC)	Cohere	added	Canada
https://jobs.ashbyhq.com/cohere/f5f727bc-9eab-4fcc-9fdd-92a9ce47c37c	2026-06-03	ashby-api	Full-Stack Software Engineer, Inference	Cohere	added	Toronto
https://jobs.ashbyhq.com/cohere/8b6696e1-f1c4-4010-bde9-3cec1340a2a6	2026-06-03	ashby-api	Site Reliability Engineer, Inference Infrastructure	Cohere	added	Toronto
https://jobs.ashbyhq.com/cohere/9c18b199-cd1f-4ef3-9fab-ce05589348ae	2026-06-03	ashby-api	Applied AI Engineer - Agentic Workflows (Singapore)	Cohere	added	Singapore
https://jobs.ashbyhq.com/cohere/e48c5456-6ff5-4d4b-a632-df0a3dc497ab	2026-06-03	ashby-api	Infrastructure Security Engineer (Secret + Clearance)	Cohere	added	Toronto
https://boomi.com/boomi-jobs/?gh_jid=5988509004	2026-06-03	greenhouse-api	Full Stack Developer, Web Production (Vancouver) 	Boomi	added	Canada
https://boomi.com/boomi-jobs/?gh_jid=5823463004	2026-06-03	greenhouse-api	Presales Solutions Engineer, API Management	Boomi	added	United States of America
https://boomi.com/boomi-jobs/?gh_jid=5776286004	2026-06-03	greenhouse-api	ServiceNow CRM Developer/Administrator	Boomi	added	India
https://boomi.com/boomi-jobs/?gh_jid=5789831004	2026-06-03	greenhouse-api	Software Quality Engineer - AI	Boomi	added	Canada
https://boomi.com/boomi-jobs/?gh_jid=5979804004	2026-06-03	greenhouse-api	Solutions Engineer-RFx & Proposal Strategy-Barcelona, Spain	Boomi	added	Spain
https://jobs.ashbyhq.com/klue/98227b52-ff84-440e-a14c-5ad3888f1d10	2026-06-03	ashby-api	Software Engineer II, AI	Klue	added	Toronto, Ontario
https://jobs.ashbyhq.com/glacis-ai/feea2cb6-60db-4afa-8358-ba17d05d1cd5	2026-06-03	ashby-api	Founding Software Engineer - Agentic AI (Remote)	Glacis AI	added	Remote
https://job-boards.greenhouse.io/later/jobs/8486147002	2026-06-03	greenhouse-api	Retail Media Strategist (Walmart Connect) - Freelance Contractor	Later	added	Remote
https://jobs.ashbyhq.com/attio/010b8206-5968-4a03-8052-d9339762f766	2026-06-03	ashby-api	Solutions Engineer [Pre and Post-Sales] - SMB	Attio	added	London
https://careers.hootsuite.com/job/?gh_jid=7943876	2026-06-03	greenhouse-api	AI Social Strategist	Hootsuite	added	Vancouver, British Columbia
https://careers.hootsuite.com/job/?gh_jid=7476830	2026-06-03	greenhouse-api	Intermediate Software Developer,  Frontend/Full Stack	Hootsuite	added	Vancouver, British Columbia, Canada
https://apply.workable.com/semios/jobs/view/5DFB712A8E	2026-06-03	workable-api	Supply Chain Co-op	Semios	added	Vancouver, Canada (Hybrid)
https://job-boards.greenhouse.io/blackforestlabs/jobs/5231540008	2026-06-03	greenhouse-api	Developer Experience Engineer	Black Forest Labs	added	Freiburg (Germany)
https://job-boards.greenhouse.io/blackforestlabs/jobs/4935984008	2026-06-03	greenhouse-api	Forward Deployed Machine Learning Engineer	Black Forest Labs	added	San Francisco (USA)
https://helsing.ai/jobs/4334849101?gh_jid=4334849101	2026-06-03	greenhouse-api	AI Research Engineer - AI Safety	Helsing	added	Berlin; London; Munich
https://helsing.ai/jobs/4334842101?gh_jid=4334842101	2026-06-03	greenhouse-api	AI Research Engineer -  Computer Vision	Helsing	added	Berlin; London; Munich
https://helsing.ai/jobs/4766708101?gh_jid=4766708101	2026-06-03	greenhouse-api	AI Research Engineer - Foundation Models	Helsing	added	Berlin; London; Munich; Paris
https://helsing.ai/jobs/4778869101?gh_jid=4778869101	2026-06-03	greenhouse-api	AI Research Engineer - ML Engineering	Helsing	added	Berlin; London; Munich
https://helsing.ai/jobs/4372802101?gh_jid=4372802101	2026-06-03	greenhouse-api	AI Research Engineer - ML & Signal Processing	Helsing	added	Berlin; Munich
https://helsing.ai/jobs/4676357101?gh_jid=4676357101	2026-06-03	greenhouse-api	AI Research Engineer - Reinforcement Learning	Helsing	added	Berlin; London; Munich
https://helsing.ai/jobs/4423924101?gh_jid=4423924101	2026-06-03	greenhouse-api	AI Research Engineer - Robotics	Helsing	added	Barcelona; Paris
https://helsing.ai/jobs/4879138101?gh_jid=4879138101	2026-06-03	greenhouse-api	Avionics Systems Engineer - Communication 	Helsing	added	Munich
https://helsing.ai/jobs/4644593101?gh_jid=4644593101	2026-06-03	greenhouse-api	Avionics Systems Engineer - Safety Critical Systems	Helsing	added	Munich
https://helsing.ai/jobs/4516967101?gh_jid=4516967101	2026-06-03	greenhouse-api	Deployed AI Engineer	Helsing	added	Berlin; London; Munich; Paris; Stockholm; Tallinn
https://helsing.ai/jobs/4743310101?gh_jid=4743310101	2026-06-03	greenhouse-api	Flight Control Systems Engineer	Helsing	added	Munich
https://helsing.ai/jobs/4879386101?gh_jid=4879386101	2026-06-03	greenhouse-api	HPC Systems Administrator	Helsing	added	Munich
https://helsing.ai/jobs/4880174101?gh_jid=4880174101	2026-06-03	greenhouse-api	Mechanical Engineer, Kinematic Systems and Mechanisms	Helsing	added	Munich
https://helsing.ai/jobs/4871513101?gh_jid=4871513101	2026-06-03	greenhouse-api	Mission Systems Architect	Helsing	added	Munich
https://helsing.ai/jobs/4642812101?gh_jid=4642812101	2026-06-03	greenhouse-api	Production Engineer - Mechatronic Systems	Helsing	added	Munich
https://helsing.ai/jobs/4737931101?gh_jid=4737931101	2026-06-03	greenhouse-api	Software Engineer	Helsing	added	Berlin; Munich
https://helsing.ai/jobs/4741565101?gh_jid=4741565101	2026-06-03	greenhouse-api	Software Engineer - Airborne Mission Systems	Helsing	added	Berlin; Munich
https://helsing.ai/jobs/4741571101?gh_jid=4741571101	2026-06-03	greenhouse-api	Software Engineer - Autonomous Air Systems	Helsing	added	Berlin; Munich
https://helsing.ai/jobs/4741219101?gh_jid=4741219101	2026-06-03	greenhouse-api	Software Engineer - Autonomous Air System V&V	Helsing	added	Berlin; Munich
https://helsing.ai/jobs/4125061101?gh_jid=4125061101	2026-06-03	greenhouse-api	Software Engineer - Backend	Helsing	added	Berlin; London; Munich; Paris; Stockholm; Tallinn
https://helsing.ai/jobs/4126378101?gh_jid=4126378101	2026-06-03	greenhouse-api	Software Engineer - Frontend	Helsing	added	Munich - Berlin - London
https://helsing.ai/jobs/4741224101?gh_jid=4741224101	2026-06-03	greenhouse-api	Software Engineer - Frontend Autonomous Air System V&V	Helsing	added	Berlin; Munich
https://helsing.ai/jobs/4741242101?gh_jid=4741242101	2026-06-03	greenhouse-api	Software Engineer - Ground to Air HMI	Helsing	added	Berlin; Munich
https://helsing.ai/jobs/4787205101?gh_jid=4787205101	2026-06-03	greenhouse-api	Systems Engineer - Command and Control (Air)	Helsing	added	Munich
https://helsing.ai/jobs/4865559101?gh_jid=4865559101	2026-06-03	greenhouse-api	Systems Engineer - Electromagnetic Interference (EMI)	Helsing	added	Munich
https://helsing.ai/jobs/4327973101?gh_jid=4327973101	2026-06-03	greenhouse-api	Systems Engineer - Land	Helsing	added	Munich - Berlin
https://helsing.ai/jobs/4839745101?gh_jid=4839745101	2026-06-03	greenhouse-api	Systems Engineer - Physical Products	Helsing	added	Munich
https://helsing.ai/jobs/4876451101?gh_jid=4876451101	2026-06-03	greenhouse-api	Systems Technical Writer	Helsing	added	Munich
https://job-boards.greenhouse.io/celonis/jobs/7681593003?gh_jid=7681593003	2026-06-03	greenhouse-api	Applied AI Engineer	Celonis	added	Bangalore, India
https://job-boards.greenhouse.io/celonis/jobs/7662738003?gh_jid=7662738003	2026-06-03	greenhouse-api	Associate Applied AI Engineer (APAC) - Orbit Program	Celonis	added	Madrid, Spain
https://job-boards.greenhouse.io/celonis/jobs/7662803003?gh_jid=7662803003	2026-06-03	greenhouse-api	Associate Applied AI Engineer (Benelux) - Orbit Program	Celonis	added	Madrid, Spain
https://job-boards.greenhouse.io/celonis/jobs/7609987003?gh_jid=7609987003	2026-06-03	greenhouse-api	Associate Applied AI Engineer (France) - Orbit Program	Celonis	added	Madrid, Spain
https://job-boards.greenhouse.io/celonis/jobs/7662718003?gh_jid=7662718003	2026-06-03	greenhouse-api	Associate Applied AI Engineer (Japan) - Orbit Program	Celonis	added	Madrid, Spain
https://job-boards.greenhouse.io/celonis/jobs/7696087003?gh_jid=7696087003	2026-06-03	greenhouse-api	Client Engagement Partner - AI-Driven Transformation & Process Intelligence	Celonis	added	Paris, France
https://job-boards.greenhouse.io/celonis/jobs/7714520003?gh_jid=7714520003	2026-06-03	greenhouse-api	Client Value Partner - AI-Driven Transformation & Process Intelligence	Celonis	added	Paris, France
https://job-boards.greenhouse.io/celonis/jobs/7610416003?gh_jid=7610416003	2026-06-03	greenhouse-api	Field CTO - AI & Enterprise Modernization	Celonis	added	Munich, Germany
https://job-boards.greenhouse.io/celonis/jobs/7610415003?gh_jid=7610415003	2026-06-03	greenhouse-api	Field CTO - AI & Enterprise Modernization 	Celonis	added	London, United Kingdom
https://job-boards.greenhouse.io/celonis/jobs/7750227003?gh_jid=7750227003	2026-06-03	greenhouse-api	Strategic Applied AI Solutions Consultant	Celonis	added	Stockholm, Sweden
https://job-boards.greenhouse.io/celonis/jobs/7754989003?gh_jid=7754989003	2026-06-03	greenhouse-api	Vice President, Engineering, Core Platform & Infrastructure 	Celonis	added	Munich, Germany
https://job-boards.greenhouse.io/celonis/jobs/7713599003?gh_jid=7713599003	2026-06-03	greenhouse-api	Working Student Applied AI Brand Solutions 	Celonis	added	Munich, Germany
https://job-boards.greenhouse.io/celonis/jobs/7743041003?gh_jid=7743041003	2026-06-03	greenhouse-api	Working Student Online Training Localization 	Celonis	added	Munich, Germany
https://job-boards.greenhouse.io/contentful/jobs/7905720	2026-06-03	greenhouse-api	Full Stack Engineer - Analytics (f/m/d)	Contentful	added	Berlin, Berlin, Germany
https://job-boards.greenhouse.io/contentful/jobs/7557586	2026-06-03	greenhouse-api	Fullstack Software Engineer (f/m/d)	Contentful	added	Dublin, Dublin, Ireland
https://getyourguide.careers/jobs/6687709?gh_jid=6687709	2026-06-03	greenhouse-api	Legal Trainee (Rechtsreferendar)	GetYourGuide	added	Berlin
https://careers.hellofresh.com/global/en/job/7408822?gh_jid=7408822	2026-06-03	greenhouse-api	Backend Engineer, Consumer	HelloFresh	added	Toronto, Ontario, Canada
https://careers.hellofresh.com/global/en/job/7769036?gh_jid=7769036	2026-06-03	greenhouse-api	Control Systems Technician 	HelloFresh	added	Newark, NJ, United States
https://careers.hellofresh.com/global/en/job/7486530?gh_jid=7486530	2026-06-03	greenhouse-api	ICT Business Analyst (Demand Systems)	HelloFresh	added	Sydney, New South Wales, Australia
https://careers.hellofresh.com/global/en/job/7965474?gh_jid=7965474	2026-06-03	greenhouse-api	Junior Maintenance Engineer	HelloFresh	added	Derby, England, United Kingdom
https://careers.hellofresh.com/global/en/job/7917230?gh_jid=7917230	2026-06-03	greenhouse-api	Junior Maintenance Planner	HelloFresh	added	Edmonton, Alberta, Canada
https://careers.hellofresh.com/global/en/job/7777926?gh_jid=7777926	2026-06-03	greenhouse-api	Junior Supply Chain Coordinator	HelloFresh	added	Bleiswijk, South Holland, Netherlands
https://careers.hellofresh.com/global/en/job/7774991?gh_jid=7774991	2026-06-03	greenhouse-api	Maintenance Planner/Scheduler 	HelloFresh	added	Newark, NJ, United States
https://careers.hellofresh.com/global/en/job/7897141?gh_jid=7897141	2026-06-03	greenhouse-api	Maintenance Technician (all genders)	HelloFresh	added	Verden, Niedersachsen, Germany
https://careers.hellofresh.com/global/en/job/7931060?gh_jid=7931060	2026-06-03	greenhouse-api	Maintenance Technician I	HelloFresh	added	Mississauga, Ontario, Canada
https://careers.hellofresh.com/global/en/job/7776415?gh_jid=7776415	2026-06-03	greenhouse-api	Maintenance Technician I 	HelloFresh	added	Aurora, IL, United States
https://careers.hellofresh.com/global/en/job/7890190?gh_jid=7890190	2026-06-03	greenhouse-api	Maintenance Technician II	HelloFresh	added	Phoenix, AZ, United States
https://careers.hellofresh.com/global/en/job/7834256?gh_jid=7834256	2026-06-03	greenhouse-api	Maintenance Technician III	HelloFresh	added	Irving, TX, United States
https://careers.hellofresh.com/global/en/job/7818196?gh_jid=7818196	2026-06-03	greenhouse-api	Multi Skilled Maintenance Engineer	HelloFresh	added	Derby, England, United Kingdom
https://careers.hellofresh.com/global/en/job/7940305?gh_jid=7940305	2026-06-03	greenhouse-api	Operational Systems Specialist	HelloFresh	added	Brisbane, Queensland, Australia
https://careers.hellofresh.com/global/en/job/7592342?gh_jid=7592342	2026-06-03	greenhouse-api	Operations Trainer 	HelloFresh	added	Goodyear, AZ, United States
https://careers.hellofresh.com/global/en/job/7862406?gh_jid=7862406	2026-06-03	greenhouse-api	React Native Developer, Growth	HelloFresh	added	Toronto, Ontario, Canada
https://careers.hellofresh.com/global/en/job/7931378?gh_jid=7931378	2026-06-03	greenhouse-api	Recipe Developer - Green Chef	HelloFresh	added	New York, NY, United States
https://careers.hellofresh.com/global/en/job/7649239?gh_jid=7649239	2026-06-03	greenhouse-api	Schichtleiter Maintenance (all genders)	HelloFresh	added	Verden, Niedersachsen, Germany
https://careers.hellofresh.com/global/en/job/7908866?gh_jid=7908866	2026-06-03	greenhouse-api	Supply Chain Development Planner	HelloFresh	added	London, England, United Kingdom
https://n26.com/en-eu/careers/positions/7656921?gh_jid=7656921	2026-06-03	greenhouse-api	Backend Engineer - Customer Risk Lifecycle	N26	added	Barcelona, Berlin
https://n26.com/en-eu/careers/positions/7960138?gh_jid=7960138	2026-06-03	greenhouse-api	Backend Engineer - Subscriptions	N26	added	Barcelona
https://traderepublic.com/en-de/about?jobId=6539149003&gh_jid=6539149003	2026-06-03	greenhouse-api	Backend Engineer (Berlin)	Trade Republic	added	Berlin
https://traderepublic.com/en-de/about?jobId=7718242003&gh_jid=7718242003	2026-06-03	greenhouse-api	Backend Engineer (Haskell)	Trade Republic	added	Berlin
https://traderepublic.com/en-de/about?jobId=6327292003&gh_jid=6327292003	2026-06-03	greenhouse-api	Backend Engineer (London)	Trade Republic	added	London
https://traderepublic.com/en-de/about?jobId=6539038003&gh_jid=6539038003	2026-06-03	greenhouse-api	Backend Engineer (Paris)	Trade Republic	added	Paris
https://traderepublic.com/en-de/about?jobId=7714721003&gh_jid=7714721003	2026-06-03	greenhouse-api	Graduate Backend Engineering Programme - Paris 	Trade Republic	added	Paris
https://jobs.ashbyhq.com/lakera.ai/be24c900-5253-4e41-a4f9-1ad3a294d202	2026-06-03	ashby-api	Solutions Engineer (London)	Lakera	added	London
https://jobs.ashbyhq.com/lakera.ai/27130c78-fb9a-436b-a8a1-6445b1bcf329	2026-06-03	ashby-api	Solutions Engineer (Singapore)	Lakera	added	Singapore
https://jobs.ashbyhq.com/lakera.ai/6affd7e7-4efa-49d0-b577-571177d533d2	2026-06-03	ashby-api	Solutions Engineer (Germany)	Lakera	added	Germany
https://sumup.com/careers/positions/7875332002?gh_jid=7875332002	2026-06-03	greenhouse-api	Agent Commercial(e) Terrain Freelance – Calais 	SumUp	added	Calais, Pas-de-Calais, France
https://sumup.com/careers/positions/7875302002?gh_jid=7875302002	2026-06-03	greenhouse-api	Agent Commercial(e) Terrain (freelance) – Dunkerque	SumUp	added	Dunkerque, Nord, France
https://sumup.com/careers/positions/8099530002?gh_jid=8099530002	2026-06-03	greenhouse-api	Agent Commercial Terrain - Indépendant (Freelance) - Aix-en-Provence	SumUp	added	Aix-en-Provence, Bouches-du-Rhône, France
https://sumup.com/careers/positions/8511537002?gh_jid=8511537002	2026-06-03	greenhouse-api	Agent Commercial Terrain - Indépendant (Freelance)- Avignon	SumUp	added	Avignon, Vaucluse, France
https://sumup.com/careers/positions/8013031002?gh_jid=8013031002	2026-06-03	greenhouse-api	Agent Commercial Terrain - Indépendant (Freelance) - Grenoble 	SumUp	added	Grenoble, Isère, France
https://sumup.com/careers/positions/8013034002?gh_jid=8013034002	2026-06-03	greenhouse-api	Agent Commercial Terrain - Indépendant (Freelance) - Lyon	SumUp	added	Lyon, Rhône, France
https://sumup.com/careers/positions/8511538002?gh_jid=8511538002	2026-06-03	greenhouse-api	Agent Commercial Terrain - Indépendant (Freelance)- Nîmes	SumUp	added	Nîmes, Gard, France
https://sumup.com/careers/positions/8294821002?gh_jid=8294821002	2026-06-03	greenhouse-api	Agent Commercial Terrain - Indépendant (Freelance) - Saint-Étienne	SumUp	added	Saint-Étienne, Loire, France
https://sumup.com/careers/positions/8427119002?gh_jid=8427119002	2026-06-03	greenhouse-api	Backend Engineer - POS	SumUp	added	Berlin, Germany
https://sumup.com/careers/positions/8118923002?gh_jid=8118923002	2026-06-03	greenhouse-api	Commercial(e) Terrain Confirmé (H/F) – Lille et sa métropole  CDI	SumUp	added	Lille, Nord, France
https://sumup.com/careers/positions/7875334002?gh_jid=7875334002	2026-06-03	greenhouse-api	Commercial(e) Terrain Freelance – Amiens	SumUp	added	Amiens, Somme, France
https://sumup.com/careers/positions/7993293002?gh_jid=7993293002	2026-06-03	greenhouse-api	Commercial(e) Terrain Indépendant(e)	SumUp	added	Nantes, Loire-Atlantique, France
https://sumup.com/careers/positions/8354984002?gh_jid=8354984002	2026-06-03	greenhouse-api	Commercial(e) Terrain - Indépendant (Freelance)	SumUp	added	Saint-Germain-en-Laye, Yvelines, France
https://sumup.com/careers/positions/7927596002?gh_jid=7927596002	2026-06-03	greenhouse-api	 Commercial Terrain - Indépendant (Freelance)	SumUp	added	Metz, Moselle, France
https://sumup.com/careers/positions/7927598002?gh_jid=7927598002	2026-06-03	greenhouse-api	Commercial Terrain - Indépendant (Freelance)	SumUp	added	Nancy, Meurthe-et-Moselle, France
https://sumup.com/careers/positions/8505515002?gh_jid=8505515002	2026-06-03	greenhouse-api	Commercial Terrain - Indépendant (Freelance)- Bordeaux	SumUp	added	Bordeaux, Gironde, France
https://sumup.com/careers/positions/7868915002?gh_jid=7868915002	2026-06-03	greenhouse-api	Commercial Terrain Indépendant – SumUp (Strasbourg)	SumUp	added	Strasbourg, Bas-Rhin, France
https://sumup.com/careers/positions/8468005002?gh_jid=8468005002	2026-06-03	greenhouse-api	Software Engineer II	SumUp	added	Barcelona, Barcelona, Spain
https://jobs.ashbyhq.com/cradlebio/8d7bc37e-de80-4eb5-b1ef-195f53f011c3	2026-06-03	ashby-api	Scientific Education Developer, Cradle Academy	Cradle	added	Amsterdam
https://apply.workable.com/huggingface/jobs/view/97904BAC90	2026-06-03	workable-api	Data/Infrastructure Advocate Engineer - EMEA Remote	Hugging Face	added	Paris, France (Remote)
https://apply.workable.com/huggingface/jobs/view/CEACA06A2D	2026-06-03	workable-api	Data/Infrastructure Advocate Engineer - US Remote	Hugging Face	added	New York, United States (Remote)
https://wayve.firststage.co/jobs?gh_jid=8431122002	2026-06-03	greenhouse-api	Application Software Engineer	Wayve	added	Germany
https://wayve.firststage.co/jobs?gh_jid=8460271002	2026-06-03	greenhouse-api	Application Software Engineer - Relocation to Tokyo	Wayve	added	Germany
https://wayve.firststage.co/jobs?gh_jid=8567305002	2026-06-03	greenhouse-api	Autonomy Systems & Release Engineer	Wayve	added	London
https://wayve.firststage.co/jobs?gh_jid=8389765002	2026-06-03	greenhouse-api	Software Engineer - Runtime Platform, Robot Software	Wayve	added	London
https://job-boards.greenhouse.io/isomorphiclabs/jobs/5837883004	2026-06-03	greenhouse-api	Software Engineer (Data Services), London	Isomorphic Labs	added	London
https://job-boards.greenhouse.io/isomorphiclabs/jobs/5561630004	2026-06-03	greenhouse-api	Software Engineer (GPU infrastructure), London	Isomorphic Labs	added	London
https://job-boards.greenhouse.io/isomorphiclabs/jobs/5539669004	2026-06-03	greenhouse-api	Software Engineer (TechOps), London	Isomorphic Labs	added	London
https://job-boards.eu.greenhouse.io/physicsx/jobs/4824923101	2026-06-03	greenhouse-api	Core Services - Software Engineer (Frontend)	PhysicsX	added	London, United Kingdom
https://job-boards.eu.greenhouse.io/physicsx/jobs/4880930101	2026-06-03	greenhouse-api	Forward Deployed Software Engineer	PhysicsX	added	San Francisco, United States
https://job-boards.eu.greenhouse.io/physicsx/jobs/4652630101	2026-06-03	greenhouse-api	Machine Learning Software Engineer, Research	PhysicsX	added	London, United Kingdom
https://job-boards.eu.greenhouse.io/physicsx/jobs/4820418101	2026-06-03	greenhouse-api	Software Engineer - Go & Python (Core Services) 	PhysicsX	added	London
https://jobs.ashbyhq.com/synthesia/dcc970b0-9043-4fc6-b628-3b8dad021c84	2026-06-03	ashby-api	Webflow Developer / Front-End Engineer	Synthesia	added	London
https://jobs.ashbyhq.com/synthesia/6541c6c3-7382-48ee-a408-f712cebfcaba	2026-06-03	ashby-api	IT Systems and Support Engineer	Synthesia	added	London
http://stability.ai/careers?gh_jid=4712826101	2026-06-03	greenhouse-api	Generative AI Inference Engineer	Stability AI	added	United States 
http://stability.ai/careers?gh_jid=4770256101	2026-06-03	greenhouse-api	Multimodal Generative AI Researcher	Stability AI	added	Remote
https://jobs.ashbyhq.com/faculty/6c9b3973-b841-434f-8e77-f6078b364549	2026-06-03	ashby-api	Software Engineer 	Faculty	added	London
https://jobs.ashbyhq.com/faculty/91c88cf4-cf93-43da-8d02-01a4fc8d9da5	2026-06-03	ashby-api	Software Engineer	Faculty	added	London
https://jobs.ashbyhq.com/faculty/67645c5e-abe8-434f-8013-f13e82259e81	2026-06-03	ashby-api	Full Stack Software Engineer 	Faculty	added	London
https://jobs.ashbyhq.com/faculty/ffb24889-b115-4f6e-8d69-cc385b95dac7	2026-06-03	ashby-api	Software Engineer - Platform	Faculty	added	London
https://jobs.ashbyhq.com/lovable/cfef6fe1-e0c9-4139-8618-b51bfb1dc683	2026-06-03	ashby-api	Data Platform Engineer	Lovable	added	Stockholm
https://jobs.ashbyhq.com/lovable/9f4963e7-be14-4dd9-99ce-05df2f06e22d	2026-06-03	ashby-api	Software Engineer, Product (Agents / Evals)	Lovable	added	Stockholm
https://jobs.ashbyhq.com/lovable/b9894757-c26b-4c5e-9ee8-3e18d9947fd6	2026-06-03	ashby-api	Software Engineer, Product	Lovable	added	Stockholm
https://jobs.ashbyhq.com/lovable/e27e931e-79f3-483a-b543-57e42633ac5c	2026-06-03	ashby-api	Software Engineer, Security (AI Code)	Lovable	added	Stockholm
https://jobs.ashbyhq.com/lovable/99f2854e-4937-4227-b96a-81269b5f871d	2026-06-03	ashby-api	Software Engineer, Platform (Developer Experience)	Lovable	added	Stockholm
https://jobs.ashbyhq.com/lovable/920b4099-00bc-4d5e-9469-2c955ef3a662	2026-06-03	ashby-api	Software Engineer, Platform (Infrastructure)	Lovable	added	Stockholm
https://jobs.ashbyhq.com/lovable/bfe339cb-96e2-4d87-a7d7-235e66485d2c	2026-06-03	ashby-api	Financial Systems Engineer	Lovable	added	Stockholm
https://jobs.ashbyhq.com/lovable/1f86955c-2748-4cd6-bd69-7e5c2c3fe465	2026-06-03	ashby-api	Software Engineer, Security (Product)	Lovable	added	Stockholm
https://jobs.ashbyhq.com/lovable/59d85cf1-104b-48cb-956c-bed73ef934c9	2026-06-03	ashby-api	Researcher, Post Training	Lovable	added	Stockholm
https://jobs.ashbyhq.com/lovable/581951b9-537e-49d5-89fb-dd74cdf3256c	2026-06-03	ashby-api	Software Engineer, Growth	Lovable	added	London
https://jobs.ashbyhq.com/lovable/aa38496f-0747-4761-bfb3-8b6127d9c81f	2026-06-03	ashby-api	Software Engineer, Enterprise	Lovable	added	London
https://jobs.ashbyhq.com/lovable/3b6525b4-8229-4b7e-a307-a550646d0483	2026-06-03	ashby-api	Software Engineer, Platform (Runtime)	Lovable	added	Stockholm
https://jobs.ashbyhq.com/lovable/c1126807-600a-4e60-8125-4274c451aa96	2026-06-03	ashby-api	Software Engineer, Identity & Access	Lovable	added	Stockholm
https://jobs.ashbyhq.com/legora/9a04bbd8-0583-48de-9606-431c01079b8b	2026-06-03	ashby-api	Software Engineer 	Legora	added	Stockholm HQ
https://jobs.ashbyhq.com/legora/f81a4b5e-7ef3-4946-a147-f6c0645e98ca	2026-06-03	ashby-api	Software Engineer (AI Focus)	Legora	added	Stockholm HQ
https://jobs.ashbyhq.com/legora/3ecb346f-1903-4d06-99ca-e28ef3806bbb	2026-06-03	ashby-api	Software Engineer	Legora	added	Stockholm HQ
https://jobs.ashbyhq.com/legora/e4ce19dc-e800-42cd-835f-dcc43b96d004	2026-06-03	ashby-api	Software Engineer - AI Enablement & Workplace Technology	Legora	added	Stockholm HQ
https://jobs.ashbyhq.com/legora/2d5dd270-fa08-4c10-ae9c-1dd13da5beec	2026-06-03	ashby-api	Solutions Engineer	Legora	added	Stockholm HQ
https://jobs.ashbyhq.com/legora/9d37e6e0-15d9-4af1-b552-729bacbc4a2a	2026-06-03	ashby-api	Design Systems Engineer	Legora	added	Stockholm HQ
https://jobs.ashbyhq.com/legora/8aa3a02e-6081-4237-9994-bcf61d1de050	2026-06-03	ashby-api	Platform Engineer	Legora	added	Stockholm HQ
https://job-boards.eu.greenhouse.io/amplemarket/jobs/4488062101	2026-06-03	greenhouse-api	Frontend Software Engineer	Amplemarket	added	Remote, EMEA/LATAM
https://job-boards.eu.greenhouse.io/amplemarket/jobs/4066973101	2026-06-03	greenhouse-api	Fullstack Software Engineer	Amplemarket	added	Remote, EMEA/LATAM
https://job-boards.eu.greenhouse.io/amplemarket/jobs/4066888101	2026-06-03	greenhouse-api	Spontaneous Application - Infrastructure Engineer	Amplemarket	added	Remote, EMEA/LATAM
https://job-boards.greenhouse.io/hightouch/jobs/5982446004	2026-06-03	greenhouse-api	AI Creative Designer, Ads	Hightouch	added	Remote, United States
https://job-boards.greenhouse.io/hightouch/jobs/5823552004	2026-06-03	greenhouse-api	AI Operations, GTM	Hightouch	added	Remote, United States
https://job-boards.greenhouse.io/hightouch/jobs/5618829004	2026-06-03	greenhouse-api	AI Strategy Consultant 	Hightouch	added	Remote (North America)
https://job-boards.greenhouse.io/hightouch/jobs/5726252004	2026-06-03	greenhouse-api	 Enterprise Account Executive - Mountain West	Hightouch	added	Remote (Mountain West)
https://job-boards.greenhouse.io/hightouch/jobs/5718912004	2026-06-03	greenhouse-api	Forward Deployed Marketing Data Scientist	Hightouch	added	Remote (North America)
https://job-boards.greenhouse.io/hightouch/jobs/6008745004	2026-06-03	greenhouse-api	Founding Forward Deployed Marketer	Hightouch	added	New York, New York,  San Francisco, California, Remote
https://job-boards.greenhouse.io/hightouch/jobs/4620430004	2026-06-03	greenhouse-api	 Full Stack Product Engineer	Hightouch	added	Remote (North America)
https://job-boards.greenhouse.io/hightouch/jobs/5983622004	2026-06-03	greenhouse-api	Mid-Market Account Executive - Mountain West	Hightouch	added	Remote-Mountain West
https://job-boards.greenhouse.io/hightouch/jobs/6011820004	2026-06-03	greenhouse-api	Partner Solutions Engineer	Hightouch	added	Remote (North America)
https://job-boards.greenhouse.io/hightouch/jobs/5542602004	2026-06-03	greenhouse-api	Software Engineer, AI Agents	Hightouch	added	Remote (North America)
https://job-boards.greenhouse.io/hightouch/jobs/5809895004	2026-06-03	greenhouse-api	Software Engineer - AI Productivity	Hightouch	added	Remote (North America)
https://job-boards.greenhouse.io/hightouch/jobs/5983891004	2026-06-03	greenhouse-api	Software Engineer, Control Plane	Hightouch	added	Remote (North America)
https://job-boards.greenhouse.io/hightouch/jobs/5983811004	2026-06-03	greenhouse-api	Software Engineer, Customer Studio Backend	Hightouch	added	Remote (North America)
https://job-boards.greenhouse.io/hightouch/jobs/4782632004	2026-06-03	greenhouse-api	Software Engineer, Distributed Systems	Hightouch	added	Remote (North America)
https://job-boards.greenhouse.io/hightouch/jobs/6004706004	2026-06-03	greenhouse-api	Software Engineer, Native Delivery	Hightouch	added	Remote (North America)
https://job-boards.greenhouse.io/hightouch/jobs/5983863004	2026-06-03	greenhouse-api	Software Engineer, Streaming Systems	Hightouch	added	Remote (North America)
https://job-boards.greenhouse.io/hightouch/jobs/6001225004	2026-06-03	greenhouse-api	Solutions Engineer, Enterprise East (Pre-Sales)	Hightouch	added	Toronto, Ontario, Canada
https://job-boards.greenhouse.io/hightouch/jobs/6001217004	2026-06-03	greenhouse-api	Solutions Engineer, Mid-Market (Pre-Sales)	Hightouch	added	Toronto, Ontario Canada
https://jobs.ashbyhq.com/workos/f2674bd8-3062-4cf8-98fb-72cb81dc5d39	2026-06-03	ashby-api	Software Engineer - Frontend	WorkOS	added	United States & Canada
https://jobs.ashbyhq.com/workos/26a54ffa-9465-4d13-bc5f-db41a2bbe505	2026-06-03	ashby-api	Infrastructure Engineer	WorkOS	added	United States & Canada
https://jobs.ashbyhq.com/workos/07a7d732-ac5d-4aab-b4bf-ee89951660c2	2026-06-03	ashby-api	Software Engineer - Productivity	WorkOS	added	United States & Canada
https://jobs.ashbyhq.com/workos/b6c03b24-b4ee-4ee3-ac62-5e5718c502d4	2026-06-03	ashby-api	Developer Experience Engineer	WorkOS	added	United States & Canada
https://jobs.ashbyhq.com/workos/5e650527-d8dd-413a-9cfb-d7d68143274b	2026-06-03	ashby-api	Applied AI Engineer	WorkOS	added	United States & Canada
https://jobs.ashbyhq.com/workos/7757900a-02fb-40fd-b484-923bcffd91bf	2026-06-03	ashby-api	Systems Engineer	WorkOS	added	United States & Canada
https://jobs.ashbyhq.com/supabase/a1320bbf-bfae-49a8-a1b7-12eeccaf39ca	2026-06-03	ashby-api	Developer Relations Engineer (San Francisco, CA)	Supabase	added	Remote
https://jobs.ashbyhq.com/supabase/14a99b8b-444b-4d28-b4fd-6fa8e71bcb4e	2026-06-03	ashby-api	AI Tooling Engineer	Supabase	added	Remote
https://jobs.ashbyhq.com/supabase/e569b7f7-fa8f-4139-86f6-4f52b456882d	2026-06-03	ashby-api	Software Engineer (Go) - Auth Product	Supabase	added	Remote
https://jobs.ashbyhq.com/supabase/77439e1c-e4eb-483c-aa8e-7686913886e3	2026-06-03	ashby-api	Software Engineer (Go) - Auth	Supabase	added	Remote
https://jobs.ashbyhq.com/supabase/847a7bd7-6b75-444a-aeda-d0b28a11c764	2026-06-03	ashby-api	Platform Engineer - Multicloud	Supabase	added	Remote
https://jobs.ashbyhq.com/supabase/b7206c22-979f-444a-809b-e70d9ee23c7f	2026-06-03	ashby-api	Software Engineer: IaC Platform Experience	Supabase	added	Remote
https://jobs.lever.co/qonto/0a53610a-ce0b-4d97-90e2-0ef3ecf51e0e	2026-06-03	lever-api	People Systems Builder (AI/Automation)	Qonto	added	Paris
https://jobs.ashbyhq.com/resend/06bd9cb2-d189-41b6-baf7-42bd5da9610f	2026-06-03	ashby-api	Developer Experience Engineer 	Resend	added	United States / Remote / Full-time
https://jobs.ashbyhq.com/resend/a95832a8-a2ab-4a63-8303-9989f1fc47d6	2026-06-03	ashby-api	Backend Engineer (Infra), Core Sending	Resend	added	Americas / Remote / Full-time
https://jobs.ashbyhq.com/resend/053bde8f-294e-4cce-9d62-2301282120a2	2026-06-03	ashby-api	Backend Engineer (MTA), Core Sending	Resend	added	Americas / Remote / Full-time
https://jobs.ashbyhq.com/inngest/ae72d036-b98b-4abb-8454-a687870cf0ca	2026-06-03	ashby-api	Distributed Systems Engineer - Platform	Inngest	added	US/Remote
https://job-boards.greenhouse.io/planetscale/jobs/4021848009	2026-06-03	greenhouse-api	Developer Educator	PlanetScale	added	San Francisco and/or US Remote
https://job-boards.greenhouse.io/planetscale/jobs/4009938009	2026-06-03	greenhouse-api	Software Engineer - Information Security	PlanetScale	added	San Francisco Bay Area or Remote
https://job-boards.greenhouse.io/planetscale/jobs/4107018009	2026-06-03	greenhouse-api	Software Engineer - Insights	PlanetScale	added	San Francisco Bay Area or Remote
https://job-boards.greenhouse.io/planetscale/jobs/4251150009	2026-06-03	greenhouse-api	Software Engineer - PlanetScale Postgres	PlanetScale	added	San Francisco Bay Area or Remote
https://job-boards.greenhouse.io/planetscale/jobs/4009746009	2026-06-03	greenhouse-api	Software Engineer - PlanetScale Vitess	PlanetScale	added	EMEA - Remote
https://job-boards.greenhouse.io/planetscale/jobs/4036240009	2026-06-03	greenhouse-api	Software Engineer - Platform	PlanetScale	added	EMEA Remote
https://job-boards.greenhouse.io/planetscale/jobs/4009936009	2026-06-03	greenhouse-api	Software Engineer - Sharded Postgres (Neki)	PlanetScale	added	San Francisco Bay Area or Remote
https://job-boards.greenhouse.io/planetscale/jobs/4091110009	2026-06-03	greenhouse-api	Software Engineer - Surfaces	PlanetScale	added	San Francisco Bay Area or Remote
https://job-boards.greenhouse.io/planetscale/jobs/4052805009	2026-06-03	greenhouse-api	Solutions Engineer	PlanetScale	added	Remote - EMEA, Remote - NA
https://jobs.lever.co/palantir/10dfc8bc-99ad-4ca2-ab76-853cb90a92c2	2026-06-03	lever-api	Backend Software Engineer - Application Development	Palantir	added	London, United Kingdom
https://jobs.lever.co/palantir/f70cdff7-c62f-4b73-a136-909e5e3d1891	2026-06-03	lever-api	Backend Software Engineer - Infrastructure	Palantir	added	London, United Kingdom
https://jobs.lever.co/palantir/ce20af4c-4de3-4079-bbdf-bc30a2e25404	2026-06-03	lever-api	Edge Infrastructure Engineer	Palantir	added	Paris, France
https://jobs.lever.co/palantir/ff1029bd-bb6d-4d78-a03e-5f9744d0b798	2026-06-03	lever-api	Forward Deployed AI Engineer	Palantir	added	London, United Kingdom
https://jobs.lever.co/palantir/00c2c97b-8514-4617-9883-e53e486b6dcd	2026-06-03	lever-api	Forward Deployed Enablement Engineer - Customer Success	Palantir	added	London, United Kingdom
https://jobs.lever.co/palantir/72e51928-07f0-4be0-aae5-0ae6956a4846	2026-06-03	lever-api	Forward Deployed Infrastructure Engineer - UK Government	Palantir	added	London, United Kingdom
https://jobs.lever.co/palantir/5a99fe16-1bda-4313-ace2-a11ea6e58f0c	2026-06-03	lever-api	Forward Deployed Reliability Engineer	Palantir	added	London, United Kingdom
https://jobs.lever.co/palantir/492a16bb-6b9f-457e-82c3-294e1a2c565d	2026-06-03	lever-api	Forward Deployed Software Engineer	Palantir	added	Amsterdam, Netherlands
https://jobs.lever.co/palantir/8f15d728-99cc-4003-9add-928bd72a7f30	2026-06-03	lever-api	Forward Deployed Software Engineer - AUS Government	Palantir	added	Canberra, Australia
https://jobs.lever.co/palantir/57a3f928-e7d3-4037-8196-b38e2f867152	2026-06-03	lever-api	Forward Deployed Software Engineer - UK Government	Palantir	added	London, United Kingdom
https://jobs.lever.co/palantir/c44510a1-9537-4c52-ae81-51546979fe47	2026-06-03	lever-api	Full Stack Software Engineer - Application Development	Palantir	added	London, United Kingdom
https://jobs.lever.co/palantir/666d13c7-c6f0-43fb-a0ab-091c338085dc	2026-06-03	lever-api	Platform Engineer - Identity and Access Management (IAM)	Palantir	added	London, United Kingdom
https://jobs.lever.co/palantir/f75cb0d2-6608-450b-848e-0f27937c930d	2026-06-03	lever-api	Software Engineer - Apollo Platform	Palantir	added	London, United Kingdom
https://jobs.lever.co/palantir/1ec0ff9f-3d9d-43bc-8aa0-005a887513d0	2026-06-03	lever-api	Systems Engineer - Business Systems	Palantir	added	London, United Kingdom
https://jobs.lever.co/pigment/6cbc9f93-5034-4838-84b0-13fbcd742163	2026-06-03	lever-api	AI Deployment Strategist	Pigment	added	London
https://jobs.lever.co/pigment/874e5c44-7239-475d-8eea-97ba9168875c	2026-06-03	lever-api	Supply Chain Solution Consultant	Pigment	added	Paris
https://jobs.lever.co/spotify/e8ef80ed-633f-45ec-a1fc-a55704241f64	2026-06-03	lever-api	Backend Engineer - Platform	Spotify	added	Toronto
https://jobs.lever.co/spotify/58860a10-4a0d-4a21-a495-1f3605b300c1	2026-06-03	lever-api	Backend Engineer - User Platform	Spotify	added	Toronto
https://jobs.lever.co/spotify/830106b6-0055-4003-bcaa-370648915622	2026-06-03	lever-api	Backend Engineer- Release	Spotify	added	London
https://jobs.lever.co/spotify/361e8a26-1386-477f-bfd0-c819ba863be3	2026-06-03	lever-api	C++ Engineer - Platform Engineering	Spotify	added	London
https://jobs.lever.co/spotify/74c04c1a-afe8-4616-be68-ae452daed595	2026-06-03	lever-api	Engineer I - Full Stack	Spotify	added	Sydney
https://jobs.lever.co/spotify/a2eaa35d-ceb3-4e8c-97b5-73f96f42e100	2026-06-03	lever-api	Financial Systems Analyst - Platform	Spotify	added	Toronto
https://jobs.lever.co/spotify/eef2e6da-d277-469c-8ba5-3592339506d9	2026-06-03	lever-api	Full Stack Engineer - Audiobooks	Spotify	added	London
https://jobs.lever.co/spotify/2d1f743f-9174-413f-b824-6e426082ebeb	2026-06-03	lever-api	Fullstack Engineer - Generative UI Platform	Spotify	added	Stockholm
https://jobs.lever.co/mistral/7894fd8a-ffc9-4c89-87f0-f8a7b695cf01	2026-06-03	lever-api	Account Executive – AI for Citizens	Mistral AI	added	Paris
https://jobs.lever.co/mistral/1937a5af-2c9b-4a75-bb91-b06ebe714dbd	2026-06-03	lever-api	AI Deployment Strategist - Munich, Germany	Mistral AI	added	Munich
https://jobs.lever.co/mistral/2aaf4e18-0943-4ebe-914d-cc9e32db8834	2026-06-03	lever-api	AI Deployment Strategist - Netherlands	Mistral AI	added	Amsterdam
https://jobs.lever.co/mistral/f9697798-31f8-4809-87b6-05eeb5261353	2026-06-03	lever-api	AI Deployment Strategist - Paris	Mistral AI	added	Paris
https://jobs.lever.co/mistral/55c2e8f4-a3ea-4e59-9ccf-dac2fee26c65	2026-06-03	lever-api	AI Deployment Strategist - Singapore	Mistral AI	added	Singapore
https://jobs.lever.co/mistral/2aaf3b8e-3bee-46b7-9942-70351e63007f	2026-06-03	lever-api	AI Deployment Strategist - Spain	Mistral AI	added	Madrid
https://jobs.lever.co/mistral/ffbb8f6c-67de-4b25-b37c-0eafd11e7b4f	2026-06-03	lever-api	AI Deployment Strategist - Sweden	Mistral AI	added	Stockholm
https://jobs.lever.co/mistral/e59555e3-899d-4e1e-875f-90b825bc1e28	2026-06-03	lever-api	AI Deployment Strategist - UK	Mistral AI	added	London
https://jobs.lever.co/mistral/bfcc2d05-141a-49d3-aa4d-20d743ede9d9	2026-06-03	lever-api	AI Deployment Strategist, AI4Engineering - EMEA	Mistral AI	added	Paris
https://jobs.lever.co/mistral/d9f2767e-cdab-4e07-9944-20bbc468613d	2026-06-03	lever-api	AI Deployment Strategist, Cybersecurity - Paris	Mistral AI	added	Paris
https://jobs.lever.co/mistral/3ec6fd88-fc86-4c2c-bb5d-0c66876ba62d	2026-06-03	lever-api	AI Deployment Strategist, Defence - Singapore	Mistral AI	added	Singapore
https://jobs.lever.co/mistral/1fe045c3-40c3-4d6c-ad4a-89145f28b9fa	2026-06-03	lever-api	AI Deployment Strategist, Public Sector - Singapore	Mistral AI	added	Singapore
https://jobs.lever.co/mistral/fd865fe4-7344-43b0-9d8d-600e8b366725	2026-06-03	lever-api	AI Developer Advocate	Mistral AI	added	Paris
https://jobs.lever.co/mistral/3e8b03e7-ff33-4cd1-8042-90b7ac3c4683	2026-06-03	lever-api	AI Developer Advocate - Singapore	Mistral AI	added	Singapore
https://jobs.lever.co/mistral/c79ff8ed-6689-4dda-aec6-979a5dc767d0	2026-06-03	lever-api	AI Engineer, Product	Mistral AI	added	Paris
https://jobs.lever.co/mistral/94173e13-3050-4044-862a-e8dfc2deda5e	2026-06-03	lever-api	AI Scientist - Audio	Mistral AI	added	Paris
https://jobs.lever.co/mistral/675b7f06-a76b-4144-af0c-4dd3282ef489	2026-06-03	lever-api	AI Scientist - Paris/London - Onsite or Hybrid or Remote	Mistral AI	added	Paris
https://jobs.lever.co/mistral/60f9dc5b-6d1c-4236-be38-be7233669f00	2026-06-03	lever-api	AI Scientist - Robotics	Mistral AI	added	Paris
https://jobs.lever.co/mistral/bedfc2aa-f1b6-4136-bd17-b3abe4c06120	2026-06-03	lever-api	AI Scientist - Zurich	Mistral AI	added	Zurich
https://jobs.lever.co/mistral/aceffeba-c4e9-4b3b-adff-e7e78b986c5c	2026-06-03	lever-api	Applied AI Engineer, Fullstack Software Engineer - EMEA	Mistral AI	added	Paris
https://jobs.lever.co/mistral/3e51d533-1f2d-48e3-9a2b-33fc7e8b0c0c	2026-06-03	lever-api	Applied AI Engineer, ML Infrastructure Engineer / Devops - EMEA	Mistral AI	added	Paris
https://jobs.lever.co/mistral/ac195fdb-1731-4ce2-b47e-c1bb8c72c59d	2026-06-03	lever-api	Applied AI Engineer, Prototyping	Mistral AI	added	Paris
https://jobs.lever.co/mistral/a93b2891-9aaa-4c18-855e-37ef159d4eed	2026-06-03	lever-api	Applied AI Engineer, Site Reliability Engineer - EMEA	Mistral AI	added	Paris
https://jobs.lever.co/mistral/e0db3860-0a80-47a8-958a-f8e62f3bb59c	2026-06-03	lever-api	Applied AI, Evaluation Engineer	Mistral AI	added	Paris
https://jobs.lever.co/mistral/77f6fd1b-65cf-45d8-9b68-594c62732f62	2026-06-03	lever-api	Applied AI, Forward Deployed Machine Learning Engineer - EMEA	Mistral AI	added	Paris
https://jobs.lever.co/mistral/aff9f13c-e79f-4d66-98b1-f62dd1c552cd	2026-06-03	lever-api	Applied AI, Forward Deployed Machine Learning Engineer - Munich	Mistral AI	added	Munich
https://jobs.lever.co/mistral/6fc7ccb5-47bb-4eab-aea0-55929403315d	2026-06-03	lever-api	Applied AI, Forward Deployed Machine Learning Engineer- Singapore	Mistral AI	added	Singapore
https://jobs.lever.co/mistral/c7b7fdfe-a071-4d62-bc15-7bcdff8067e7	2026-06-03	lever-api	Applied AI, Forward Deployed Machine Learning Engineer, Critical and Sovereign Institutions, EMEA	Mistral AI	added	Paris
https://jobs.lever.co/mistral/de237900-114c-4e39-aa19-671bb3201eee	2026-06-03	lever-api	Applied AI, Fullstack Software Engineer, Critical and Sovereign Institutions, Paris	Mistral AI	added	Paris
https://jobs.lever.co/mistral/ede2a7c2-38d8-4e6a-bd76-4ba3819b2fae	2026-06-03	lever-api	Applied Scientist / Domain Expert, AI4Engineering - EMEA	Mistral AI	added	Paris
https://jobs.lever.co/mistral/249d0ec9-1824-41cb-8c4f-cb17a1d5d111	2026-06-03	lever-api	Applied Scientist / Research Engineer, AI4Engineering - EMEA	Mistral AI	added	Paris
https://jobs.lever.co/mistral/4d689780-4995-4fe5-9b7e-e8c28a180397	2026-06-03	lever-api	Associate AI Deployment Strategist	Mistral AI	added	Paris
https://jobs.lever.co/mistral/a3b1b690-ed9e-4916-8a24-24f0ac0f1f8f	2026-06-03	lever-api	Discovery Scientists - AI for Science - Paris	Mistral AI	added	Paris
https://jobs.lever.co/mistral/1d8de5a6-9794-4919-9c43-b2494e6cfa0f	2026-06-03	lever-api	Infrastructure Solution Architect - EMEA	Mistral AI	added	Paris
https://jobs.lever.co/mistral/64c9a48e-6d23-4090-bf0f-5a979830fbaf	2026-06-03	lever-api	Mistral Cloud - Software Engineer, Backend (Golang)	Mistral AI	added	Paris
https://jobs.lever.co/mistral/071a5491-ea01-413f-ad78-f85b5e4c2215	2026-06-03	lever-api	Research Engineer, Data Infrastructure	Mistral AI	added	Paris
https://jobs.lever.co/mistral/18be2b70-c05d-48e4-82ac-e5cb462c96c0	2026-06-03	lever-api	Research Platform Engineer	Mistral AI	added	Paris
https://jobs.lever.co/mistral/df0d75c1-97ef-4e50-85e6-0ffd8f5b7d7c	2026-06-03	lever-api	Research Software Engineer - Paris/London	Mistral AI	added	Paris
https://jobs.lever.co/mistral/305432ef-27ac-4012-a893-a662813ac6e9	2026-06-03	lever-api	Software Engineer,  Frontend	Mistral AI	added	Paris
https://jobs.lever.co/mistral/e76d2957-2bf6-4d8f-90a2-29bf9a927823	2026-06-03	lever-api	Software Engineer, Backend (Paris)	Mistral AI	added	Paris
https://jobs.lever.co/mistral/db67d7a2-bcec-4151-9b3a-8212ddabf419	2026-06-03	lever-api	Software Engineer, Data	Mistral AI	added	Paris
https://jobs.lever.co/mistral/31364497-4081-454a-b50c-12d15daf6876	2026-06-03	lever-api	Software Engineer, Deployment Infrastructure	Mistral AI	added	Paris
https://jobs.lever.co/mistral/c9e16eb0-0cb9-423d-8495-a96d10782622	2026-06-03	lever-api	Software Engineer, DevEx	Mistral AI	added	Paris
https://jobs.lever.co/mistral/3eef7a1f-cd9d-430e-ac67-9d52534c346a	2026-06-03	lever-api	Software Engineer, Enterprise Agents	Mistral AI	added	Paris
https://jobs.lever.co/mistral/cf4616fc-977a-475c-bb2e-eb46a2c4a94f	2026-06-03	lever-api	Software Engineer, New Grad	Mistral AI	added	Paris
https://jobs.lever.co/mistral/03918386-cb56-4e4d-afa8-1f8b7676a4a6	2026-06-03	lever-api	Software Engineer, QA	Mistral AI	added	Paris
https://jobs.lever.co/mistral/c2cf8b02-cb79-4e13-8717-25817813542d	2026-06-03	lever-api	Systems Engineer, HPC	Mistral AI	added	Paris
https://job-boards.greenhouse.io/razorpaysoftwareprivatelimited/jobs/4680760005	2026-06-03	greenhouse-api	AI Evangelist	Razorpay	added	Bengaluru
https://job-boards.greenhouse.io/razorpaysoftwareprivatelimited/jobs/4686002005	2026-06-03	greenhouse-api	Full Stack Builder	Razorpay	added	Bengaluru
https://databricks.com/company/careers/open-positions/job?gh_jid=8503080002	2026-06-03	greenhouse-api	AI Engineer - FDE (Forward Deployed Engineer)	Databricks	added	Singapore
https://databricks.com/company/careers/open-positions/job?gh_jid=8521090002	2026-06-03	greenhouse-api	Data & AI Platform Architect (Professional Services)	Databricks	added	Remote - Denmark
https://databricks.com/company/careers/open-positions/job?gh_jid=8341311002	2026-06-03	greenhouse-api	Resident Solutions Architect - Communications, Media, Entertainment & Games	Databricks	added	United States
https://databricks.com/company/careers/open-positions/job?gh_jid=8441888002	2026-06-03	greenhouse-api	Strategic AI/BI Account Executive	Databricks	added	London, United Kingdom
https://job-boards.greenhouse.io/intercom/jobs/7820671	2026-06-03	greenhouse-api	AI Infrastructure Engineer	Intercom	added	Dublin, Ireland
https://job-boards.greenhouse.io/anthropic/jobs/4977626008	2026-06-03	greenhouse-api	Applied AI Architect, Industries	Anthropic	added	Paris, France
https://jobs.ashbyhq.com/sierra/43e6eda7-6e46-43e8-82a5-6e5035f063bb	2026-06-03	ashby-api	Software Engineer, Agent	Sierra	added	Singapore
https://job-boards.greenhouse.io/contentful/jobs/7557597	2026-06-03	greenhouse-api	Fullstack Software Engineer (f/m/d)	Contentful	added	Berlin, Berlin, Germany
https://job-boards.greenhouse.io/celonis/jobs/7683568003?gh_jid=7683568003	2026-06-03	greenhouse-api	Client Engagement Partner - AI-Driven Transformation & Process Intelligence	Celonis	added	Zürich, Switzerland
https://sumup.com/careers/positions/7988640002?gh_jid=7988640002	2026-06-03	greenhouse-api	Commercial(e) Terrain Indépendant(e)	SumUp	added	Angers, Maine-et-Loire, France
https://sumup.com/careers/positions/7875398002?gh_jid=7875398002	2026-06-03	greenhouse-api	Commercial(e) Terrain - Indépendant (Freelance)	SumUp	added	Cergy, Val-d'Oise, France
https://sumup.com/careers/positions/7875352002?gh_jid=7875352002	2026-06-03	greenhouse-api	 Commercial Terrain - Indépendant (Freelance)	SumUp	added	Cherbourg-en-Cotentin, Manche, France
https://sumup.com/careers/positions/7927624002?gh_jid=7927624002	2026-06-03	greenhouse-api	Commercial Terrain - Indépendant (Freelance)	SumUp	added	Reims, Marne, France
https://careers.hellofresh.com/global/en/job/7456238?gh_jid=7456238	2026-06-03	greenhouse-api	Control Systems Technician 	HelloFresh	added	Phoenix, AZ, United States
https://careers.hellofresh.com/global/en/job/7775847?gh_jid=7775847	2026-06-03	greenhouse-api	Maintenance Technician I 	HelloFresh	added	Goodyear, AZ, United States
https://careers.hellofresh.com/global/en/job/7839242?gh_jid=7839242	2026-06-03	greenhouse-api	Maintenance Technician II	HelloFresh	added	Calgary, Alberta, Canada
https://wayve.firststage.co/jobs?gh_jid=8460447002	2026-06-03	greenhouse-api	Application Software Engineer - Relocation to Tokyo	Wayve	added	London
https://job-boards.eu.greenhouse.io/physicsx/jobs/4860241101	2026-06-03	greenhouse-api	Forward Deployed Software Engineer	PhysicsX	added	Singapore
https://jobs.lever.co/palantir/fe65ee3c-61e0-4eb6-99e5-c90e38e7043f	2026-06-03	lever-api	Edge Infrastructure Engineer	Palantir	added	London, United Kingdom
https://jobs.lever.co/palantir/5168e8fd-fec1-4fea-b7a1-81bdaea65850	2026-06-03	lever-api	Forward Deployed Software Engineer	Palantir	added	London, United Kingdom
https://jobs.lever.co/palantir/909875b4-1940-41bd-b08d-a269c7235100	2026-06-03	lever-api	Forward Deployed Software Engineer - AUS Government	Palantir	added	Sydney, Australia
https://jobs.ashbyhq.com/faculty/d27529f9-f917-4924-adb2-304cb097bfb2	2026-06-03	ashby-api	Full Stack Software Engineer 	Faculty	added	London
https://jobs.ashbyhq.com/faculty/6af81a14-8524-4697-b82e-f76efc8b264d	2026-06-03	ashby-api	Software Engineer 	Faculty	added	United Kingdom
https://jobs.ashbyhq.com/faculty/f1eddd06-ca92-4ad7-ad70-4ed15e41e366	2026-06-03	ashby-api	Software Engineer	Faculty	added	London
https://jobs.ashbyhq.com/legora/94ba8580-636d-4fe7-becd-fbfe44bb367d	2026-06-03	ashby-api	Software Engineer	Legora	added	London
https://job-boards.greenhouse.io/hightouch/jobs/5535187004	2026-06-03	greenhouse-api	Solutions Engineer, Mid-Market (Pre-Sales)	Hightouch	added	Remote (North America)
https://jobs.ashbyhq.com/resend/d5bc5890-847d-4bc5-bbd7-d0d72021ff3c	2026-06-03	ashby-api	Backend Engineer (Infra), Core Sending	Resend	added	Europe / Remote / Full-time
https://jobs.lever.co/pigment/a1be33de-4f92-4a74-9ea2-30965b384666	2026-06-03	lever-api	AI Deployment Strategist	Pigment	added	Paris
https://www.rubrik.com/company/careers/departments/job.7508968?gh_jid=7508968	2026-06-03	greenhouse-api	Technical Research Engineer	Rubrik	added	Bangalore
https://boards.greenhouse.io/figma/jobs/5707966004?gh_jid=5707966004	2026-06-03	greenhouse-api	AI Applied Scientist	Figma	added	San Francisco, CA • New York, NY • United States
https://boards.greenhouse.io/figma/jobs/5980306004?gh_jid=5980306004	2026-06-03	greenhouse-api	Business Systems Analyst 	Figma	added	San Francisco, CA • New York, NY • United States
https://boards.greenhouse.io/figma/jobs/5840332004?gh_jid=5840332004	2026-06-03	greenhouse-api	Data Platform Engineer	Figma	added	San Francisco, CA • New York, NY • United States
https://boards.greenhouse.io/figma/jobs/5969647004?gh_jid=5969647004	2026-06-03	greenhouse-api	Developer Advocate (Tokyo, Japan)	Figma	added	Tokyo, Japan
https://boards.greenhouse.io/figma/jobs/5711913004?gh_jid=5711913004	2026-06-03	greenhouse-api	Product Designer, AI Models	Figma	added	San Francisco, CA • New York, NY • United States
https://boards.greenhouse.io/figma/jobs/5711468004?gh_jid=5711468004	2026-06-03	greenhouse-api	Product Designer, Design, Dev, & AI Tools	Figma	added	San Francisco, CA • New York, NY • United States
https://boards.greenhouse.io/figma/jobs/5991176004?gh_jid=5991176004	2026-06-03	greenhouse-api	Sales AI Engineer	Figma	added	San Francisco, CA • New York, NY • United States
https://boards.greenhouse.io/figma/jobs/5691886004?gh_jid=5691886004	2026-06-03	greenhouse-api	Software Engineer, AI Platforms	Figma	added	San Francisco, CA • New York, NY • United States
https://boards.greenhouse.io/figma/jobs/5551730004?gh_jid=5551730004	2026-06-03	greenhouse-api	Software Engineer, AI Product	Figma	added	San Francisco, CA • New York, NY • United States
https://boards.greenhouse.io/figma/jobs/5551697004?gh_jid=5551697004	2026-06-03	greenhouse-api	Software Engineer, AI Product (London, United Kingdom)	Figma	added	London, England
https://boards.greenhouse.io/figma/jobs/5552530004?gh_jid=5552530004	2026-06-03	greenhouse-api	Software Engineer, C++	Figma	added	San Francisco, CA • New York, NY • United States
https://boards.greenhouse.io/figma/jobs/5759501004?gh_jid=5759501004	2026-06-03	greenhouse-api	Software Engineer, Code Platform	Figma	added	San Francisco, CA • New York, NY • United States
https://boards.greenhouse.io/figma/jobs/5551686004?gh_jid=5551686004	2026-06-03	greenhouse-api	Software Engineer, Data Infrastructure	Figma	added	San Francisco, CA • New York, NY • United States
https://boards.greenhouse.io/figma/jobs/5790627004?gh_jid=5790627004	2026-06-03	greenhouse-api	Software Engineer, Developer Experience	Figma	added	San Francisco, CA • New York, NY • United States
https://boards.greenhouse.io/figma/jobs/5552549004?gh_jid=5552549004	2026-06-03	greenhouse-api	Software Engineer, Distributed Systems	Figma	added	San Francisco, CA • New York, NY • United States
https://boards.greenhouse.io/figma/jobs/5691911004?gh_jid=5691911004	2026-06-03	greenhouse-api	Software Engineer, Full Stack	Figma	added	San Francisco, CA • New York, NY • United States
https://boards.greenhouse.io/figma/jobs/5552522004?gh_jid=5552522004	2026-06-03	greenhouse-api	Software Engineer, Graphics & Media	Figma	added	San Francisco, CA • New York, NY • United States
https://boards.greenhouse.io/figma/jobs/5552560004?gh_jid=5552560004	2026-06-03	greenhouse-api	Software Engineer, Growth & Monetization	Figma	added	San Francisco, CA • New York, NY • United States
https://boards.greenhouse.io/figma/jobs/5551532004?gh_jid=5551532004	2026-06-03	greenhouse-api	Software Engineer, Machine Learning	Figma	added	San Francisco, CA • New York, NY • United States
https://boards.greenhouse.io/figma/jobs/5551649004?gh_jid=5551649004	2026-06-03	greenhouse-api	Software Engineer, Production Engineering	Figma	added	San Francisco, CA • New York, NY • United States
https://boards.greenhouse.io/figma/jobs/5781928004?gh_jid=5781928004	2026-06-03	greenhouse-api	Software Engineer, Production Engineering  (London, United Kingdom)	Figma	added	London, England
https://boards.greenhouse.io/figma/jobs/5998049004?gh_jid=5998049004	2026-06-03	greenhouse-api	Strategic Finance, Systems & AI Innovation	Figma	added	San Francisco, CA • New York, NY • United States
https://boards.greenhouse.io/figma/jobs/5839202004?gh_jid=5839202004	2026-06-03	greenhouse-api	UX Writer, AI 	Figma	added	San Francisco, CA • New York, NY • United States
https://databricks.com/company/careers/open-positions/job?gh_jid=8551531002	2026-06-03	greenhouse-api	AI Engineer - FDE (Forward Deployed Engineer)	Databricks	added	London, United Kingdom
https://databricks.com/company/careers/open-positions/job?gh_jid=8482370002	2026-06-03	greenhouse-api	Business Operations Associate	Databricks	added	Bengaluru, India; Mumbai, India
https://databricks.com/company/careers/open-positions/job?gh_jid=8294402002	2026-06-03	greenhouse-api	Enterprise Account Executive - Kansai Region	Databricks	added	Japan
https://databricks.com/company/careers/open-positions/job?gh_jid=8440917002	2026-06-03	greenhouse-api	Enterprise Account Executive - Retail/CPG	Databricks	added	Tokyo, Japan
https://databricks.com/company/careers/open-positions/job?gh_jid=8540455002	2026-06-03	greenhouse-api	Forward Deployed Engineer	Databricks	added	Seoul, South Korea
https://databricks.com/company/careers/open-positions/job?gh_jid=8437028002	2026-06-03	greenhouse-api	Solutions Architect (Pre-sales) - Kansai Region	Databricks	added	Japan
https://databricks.com/company/careers/open-positions/job?gh_jid=8437024002	2026-06-03	greenhouse-api	Solutions Architect (Pre-sales) - Retail/CPG	Databricks	added	Tokyo, Japan
https://databricks.com/company/careers/open-positions/job?gh_jid=8441884002	2026-06-03	greenhouse-api	Strategic AI/BI Account Executive	Databricks	added	Singapore
https://databricks.com/company/careers/open-positions/job?gh_jid=8560319002	2026-06-03	greenhouse-api	TA Operations Associate (Contract)	Databricks	added	Remote - California
https://job-boards.greenhouse.io/razorpaysoftwareprivatelimited/jobs/4650635005	2026-06-03	greenhouse-api	Associate, Customer Success	Razorpay	added	Malaysia
https://job-boards.greenhouse.io/razorpaysoftwareprivatelimited/jobs/4696281005	2026-06-03	greenhouse-api	Associate-Growth Operations	Razorpay	added	Malaysia
https://job-boards.greenhouse.io/razorpaysoftwareprivatelimited/jobs/4694532005	2026-06-03	greenhouse-api	Associate, Mid Market Sales	Razorpay	added	Bengaluru
https://job-boards.greenhouse.io/razorpaysoftwareprivatelimited/jobs/4661194005	2026-06-03	greenhouse-api	Solutions Engineer	Razorpay	added	Malaysia
https://job-boards.greenhouse.io/scaleai/jobs/4536659005	2026-06-03	greenhouse-api	Applied AI Engineer, Enterprise	Scale AI	added	London, UK
https://job-boards.greenhouse.io/scaleai/jobs/4413992005	2026-06-03	greenhouse-api	Applied AI Engineer, Global Public Sector	Scale AI	added	Doha, Qatar; London, UK
https://job-boards.greenhouse.io/scaleai/jobs/4413274005	2026-06-03	greenhouse-api	Machine Learning Engineer, Global Public Sector	Scale AI	added	Doha, Qatar; London, UK
https://job-boards.greenhouse.io/scaleai/jobs/4536653005	2026-06-03	greenhouse-api	Software Engineer, Enterprise	Scale AI	added	London, UK
https://job-boards.greenhouse.io/scaleai/jobs/4642876005	2026-06-03	greenhouse-api	Solutions Engineer, Enterprise	Scale AI	added	London, UK
https://job-boards.greenhouse.io/anthropic/jobs/4977624008	2026-06-03	greenhouse-api	Applied AI Architect, Industries	Anthropic	added	Munich, Germany
https://job-boards.greenhouse.io/anthropic/jobs/5104754008	2026-06-03	greenhouse-api	Enterprise Account Executive, Retail	Anthropic	added	Tokyo, Japan
https://job-boards.greenhouse.io/anthropic/jobs/5222908008	2026-06-03	greenhouse-api	Partner Solutions Architect, Applied AI	Anthropic	added	Tokyo, Japan
https://job-boards.greenhouse.io/anthropic/jobs/4951064008	2026-06-03	greenhouse-api	Research Engineer, Environment Scaling	Anthropic	added	Remote-Friendly (Travel Required) | San Francisco, CA
https://job-boards.greenhouse.io/anthropic/jobs/4017331008	2026-06-03	greenhouse-api	Research Engineer, Knowledge Team	Anthropic	added	Remote-Friendly (Travel-Required) | San Francisco, CA | Seattle, WA | New York City, NY
https://job-boards.greenhouse.io/anthropic/jobs/5115935008	2026-06-03	greenhouse-api	Research Engineer, Machine Learning (Reinforcement Learning)	Anthropic	added	London, UK
https://job-boards.greenhouse.io/anthropic/jobs/5198108008	2026-06-03	greenhouse-api	Research Engineer, Machine Learning (RL Velocity)	Anthropic	added	Remote-Friendly (Travel-Required) | San Francisco, CA | New York City, NY
https://job-boards.greenhouse.io/anthropic/jobs/5198255008	2026-06-03	greenhouse-api	Research Engineer, Model Evaluations	Anthropic	added	Remote-Friendly (Travel-Required) | San Francisco, CA | New York City, NY
https://job-boards.greenhouse.io/anthropic/jobs/5126127008	2026-06-03	greenhouse-api	Research Engineer, Science of Scaling	Anthropic	added	London, UK
https://job-boards.greenhouse.io/anthropic/jobs/4610158008	2026-06-03	greenhouse-api	Research Engineer / Scientist, Alignment Science - London	Anthropic	added	London, UK
https://job-boards.greenhouse.io/anthropic/jobs/5061517008	2026-06-03	greenhouse-api	Research Engineer, Universes	Anthropic	added	Remote-Friendly (Travel-Required) | San Francisco, CA | Seattle, WA | New York City, NY
https://job-boards.greenhouse.io/intercom/jobs/7824137	2026-06-03	greenhouse-api	AI Infrastructure Engineer	Intercom	added	London, England
https://job-boards.greenhouse.io/gleanwork/jobs/4549192005	2026-06-03	greenhouse-api	Partner Solutions Engineer 	Glean	added	Japan
https://job-boards.eu.greenhouse.io/speechmatics/jobs/4660424101	2026-06-03	greenhouse-api	Machine Learning Engineer	Speechmatics	added	London, England, United Kingdom
https://jobs.ashbyhq.com/sierra/df431e56-56f5-42ed-bc62-7d6f7041bd27	2026-06-03	ashby-api	Software Engineer, Agent	Sierra	added	Madrid
https://jobs.ashbyhq.com/cohere/38f75a48-199c-4325-a7f8-2af6ed6a1b3b	2026-06-03	ashby-api	Forward Deployed Engineer, Infrastructure Specialist	Cohere	added	Japan
https://jobs.ashbyhq.com/cohere/1a5925d0-41bd-4549-9b78-f427a2dda922	2026-06-03	ashby-api	Research Engineer	Cohere	added	Toronto
https://jobs.ashbyhq.com/cohere/75c0032c-7200-48bf-9d6d-355880dd93d9	2026-06-03	ashby-api	Forward Deployed Engineer, Agentic Platform	Cohere	added	Middle East
https://jobs.ashbyhq.com/glacis-ai/796efc69-0c03-45d9-9f54-f3de7bbccde9	2026-06-03	ashby-api	Founding Software Engineer - Agentic AI (On-site)	Glacis AI	added	Ho Chi Minh City
https://job-boards.greenhouse.io/celonis/jobs/7669112003?gh_jid=7669112003	2026-06-03	greenhouse-api	Associate Applied AI Engineer (Madrid/Spain) - Orbit Program	Celonis	added	Tokyo, Japan
https://job-boards.greenhouse.io/contentful/jobs/7875317	2026-06-03	greenhouse-api	Associate Solution Architect, Professional Services	Contentful	added	Denver, Colorado, United States
https://job-boards.greenhouse.io/contentful/jobs/7553930	2026-06-03	greenhouse-api	Fullstack Software Engineer (f/m/d)	Contentful	added	London, England, United Kingdom
https://careers.hellofresh.com/global/en/job/7949904?gh_jid=7949904	2026-06-03	greenhouse-api	Community Associate (Project Based - WFH)	HelloFresh	added	Manila, Manila, Philippines
https://careers.hellofresh.com/global/en/job/7940309?gh_jid=7940309	2026-06-03	greenhouse-api	Culinary Operations Associate (6 month contract)	HelloFresh	added	Sydney, New South Wales, Australia
https://careers.hellofresh.com/global/en/job/7978117?gh_jid=7978117	2026-06-03	greenhouse-api	Customer Care Specialist - Blended Campaign - Project based	HelloFresh	added	Manila, Manila, Philippines
https://careers.hellofresh.com/global/en/job/7460636?gh_jid=7460636	2026-06-03	greenhouse-api	Food Safety & Quality Associate 	HelloFresh	added	Phoenix, AZ, United States
https://careers.hellofresh.com/global/en/job/7541619?gh_jid=7541619	2026-06-03	greenhouse-api	[HELLOCONNECT] Talent Acquisition Shared Services Associate - CA	HelloFresh	added	Manila, Manila, Philippines
https://careers.hellofresh.com/global/en/job/7813114?gh_jid=7813114	2026-06-03	greenhouse-api	Maintenance Technician II	HelloFresh	added	Mississauga, Ontario, Canada
https://careers.hellofresh.com/global/en/job/7978885?gh_jid=7978885	2026-06-03	greenhouse-api	 Operations Trainer 	HelloFresh	added	Goodyear, AZ, United States
https://careers.hellofresh.com/global/en/job/7556123?gh_jid=7556123	2026-06-03	greenhouse-api	People Shared Services Associate (Administrator)	HelloFresh	added	Manila, Manila, Philippines
https://careers.hellofresh.com/global/en/job/7742572?gh_jid=7742572	2026-06-03	greenhouse-api	Quality and Training Officer	HelloFresh	added	Manila, Manila, Philippines
https://careers.hellofresh.com/global/en/job/6842271?gh_jid=6842271	2026-06-03	greenhouse-api	Sanitation Associate	HelloFresh	added	Mississauga, Ontario, Canada
https://careers.hellofresh.com/global/en/job/7763090?gh_jid=7763090	2026-06-03	greenhouse-api	Sanitation Associate 	HelloFresh	added	Newark, NJ, United States
https://careers.hellofresh.com/global/en/job/7819222?gh_jid=7819222	2026-06-03	greenhouse-api	Shipping Associate 	HelloFresh	added	Irving, TX, United States
https://careers.hellofresh.com/global/en/job/7905711?gh_jid=7905711	2026-06-03	greenhouse-api	[US DC] Labor Planning Associate	HelloFresh	added	Aurora, IL, United States; Goodyear, AZ, United States
https://careers.hellofresh.com/global/en/job/7385398?gh_jid=7385398	2026-06-03	greenhouse-api	US People Shared Services Associate	HelloFresh	added	Manila, Manila, Philippines
https://careers.hellofresh.com/global/en/job/7782901?gh_jid=7782901	2026-06-03	greenhouse-api	Warehouse Associate	HelloFresh	added	Edmonton, Alberta, Canada
https://careers.hellofresh.com/global/en/job/7895993?gh_jid=7895993	2026-06-03	greenhouse-api	Warehouse Associate II	HelloFresh	added	Calgary, Alberta, Canada
https://careers.hellofresh.com/global/en/job/7955893?gh_jid=7955893	2026-06-03	greenhouse-api	Workplace Operations Associate	HelloFresh	added	Sydney, New South Wales, Australia
https://jobs.ashbyhq.com/lakera.ai/a08b489f-d492-4cb5-9c78-301440580cb3	2026-06-03	ashby-api	Solutions Engineer (Tokyo)	Lakera	added	Japan
https://jobs.ashbyhq.com/lakera.ai/2c533f1b-4fe3-40da-a3e2-4627977cbda4	2026-06-03	ashby-api	Enterprise Account Executive, UAE (Dubai)	Lakera	added	Dubai
https://jobs.lever.co/palantir/1bb19522-3936-4adc-9ced-c3df8b5900b9	2026-06-03	lever-api	Forward Deployed Software Engineer	Palantir	added	Seoul, South Korea
https://jobs.lever.co/palantir/12e94938-55cb-4ad9-9c05-405ebc9ef430	2026-06-03	lever-api	Forward Deployed Software Engineer - Japan Government	Palantir	added	Tokyo, Japan
https://apply.workable.com/huggingface/jobs/view/81B46579FE	2026-06-03	workable-api	Open-Source Machine Learning Engineer - EMEA Remote	Hugging Face	added	Paris, France (Remote)
https://apply.workable.com/huggingface/jobs/view/19A136F8E2	2026-06-03	workable-api	Open-Source Machine Learning Engineer - US Remote	Hugging Face	added	New York, United States (Remote)
https://jobs.ashbyhq.com/cradlebio/d6d7e52f-71de-4c6e-be39-da715652b3e2	2026-06-03	ashby-api	Research Associate Biology, High Throughput Experimentation	Cradle	added	Amsterdam
https://wayve.firststage.co/jobs?gh_jid=8455160002	2026-06-03	greenhouse-api	Application Software Engineer	Wayve	added	Tokyo
https://wayve.firststage.co/jobs?gh_jid=8460441002	2026-06-03	greenhouse-api	Application Software Engineer - Relocation to Tokyo	Wayve	added	Seoul
https://wayve.firststage.co/jobs?gh_jid=8105900002	2026-06-03	greenhouse-api	Machine Learning Engineer	Wayve	added	Japan
https://wayve.firststage.co/jobs?gh_jid=8572927002	2026-06-03	greenhouse-api	Partner Integration Engineer - AI Portal	Wayve	added	Tokyo
https://jobs.lever.co/pigment/522026ac-61f3-46a6-9722-2e0eccf5c8c8	2026-06-03	lever-api	Associate Solution Architect	Pigment	added	Toronto
https://job-boards.greenhouse.io/isomorphiclabs/jobs/5578430004	2026-06-03	greenhouse-api	ML Research Engineer, London	Isomorphic Labs	added	London
https://job-boards.eu.greenhouse.io/physicsx/jobs/4749996101	2026-06-03	greenhouse-api	Machine Learning Engineer	PhysicsX	added	Singapore
https://jobs.ashbyhq.com/synthesia/73b423b5-0fcc-422e-9490-0bb22bcd5a4e	2026-06-03	ashby-api	Technical Support Associate	Synthesia	added	US Remote
https://jobs.ashbyhq.com/legora/0677d5b0-85d3-4532-9fc8-6a72a39e718f	2026-06-03	ashby-api	Engagement Associate 	Legora	added	Stockholm HQ
https://jobs.ashbyhq.com/legora/4b359718-b788-44ab-9dde-9d5d15750e7b	2026-06-03	ashby-api	Legal Engineering Associate EMEA	Legora	added	Stockholm HQ
https://jobs.ashbyhq.com/legora/e5a841b4-bd1d-4cc4-b4e4-381feaa71e3d	2026-06-03	ashby-api	GTM Associate - EMEA	Legora	added	Stockholm HQ
https://jobs.ashbyhq.com/legora/f375a300-e345-4d14-922f-12229f0c7ed8	2026-06-03	ashby-api	Partnership Associate 	Legora	added	Stockholm HQ
https://jobs.ashbyhq.com/legora/524a2f00-f2cf-40db-a00b-8ea0f67a2f1a	2026-06-03	ashby-api	Legal Engineer Associate	Legora	added	Toronto
https://jobs.lever.co/mistral/c9e2dbb5-00ed-4096-ba88-ac0bdffb68fd	2026-06-03	lever-api	AI Deployment Strategist - MENA	Mistral AI	added	Abu Dhabi
https://jobs.lever.co/mistral/c41d9d9e-f0ea-4621-a4a9-3f10dfa9ae84	2026-06-03	lever-api	Applied Scientist / Research Engineer - Singapore	Mistral AI	added	Singapore
https://jobs.lever.co/mistral/ef4c26fc-3fdb-4dd2-a64e-95264ee769dd	2026-06-03	lever-api	Open-Source Software, Machine Learning Engineer	Mistral AI	added	Paris
https://jobs.lever.co/mistral/ef744f52-3ceb-42f1-84f6-1c8bde220eb1	2026-06-03	lever-api	Research Engineer - Robotics	Mistral AI	added	Paris
https://jobs.lever.co/mistral/07447e1d-7900-46d4-b61b-186f2f76847f	2026-06-03	lever-api	Research Engineer, Machine Learning - Paris/London/Zurich/Warsaw	Mistral AI	added	Paris
https://jobs.lever.co/spotify/d5628547-6362-470e-8828-7ab565054eaa	2026-06-03	lever-api	Associate Client Partner - Emerging & Scaled (New Business, German Speaking)	Spotify	added	London
https://jobs.lever.co/spotify/6310dcab-11f4-473d-9496-93e7c59c2911	2026-06-03	lever-api	Associate Client Partner - Emerging & Scaled (New Business)	Spotify	added	Sydney
https://jobs.lever.co/spotify/6b8e77f1-666d-4241-a988-f1ad78272ec1	2026-06-03	lever-api	Associate Data Scientist - User Fraud	Spotify	added	Toronto
https://jobs.lever.co/spotify/4972fad1-f3d8-49ef-9d41-d132b5281942	2026-06-03	lever-api	Machine Learning Engineer, Personalization, Samba	Spotify	added	London
https://jobs.ashbyhq.com/faculty/168cb0e1-daea-42d5-ac09-e12a61cf72ca	2026-06-03	ashby-api	Machine Learning Engineer 	Faculty	added	London
https://sumup.com/careers/positions/7875400002?gh_jid=7875400002	2026-06-03	greenhouse-api	Commercial(e) Terrain - Indépendant (Freelance)	SumUp	added	Melun, Seine-et-Marne, France
https://sumup.com/careers/positions/8468191002?gh_jid=8468191002	2026-06-03	greenhouse-api	Commercial Terrain - Indépendant (Freelance)	SumUp	added	Albi, Tarn, France
https://job-boards.greenhouse.io/sigmacomputing/jobs/7690411003	2026-06-03	WebSearch — Univ Grad 2026	Software Engineer (New Grad Program)	Sigma Computing	added	San Francisco, CA; New York, NY
https://job-boards.greenhouse.io/anthropic/jobs/5198074008	2026-06-03	greenhouse-api	Research Engineer, Machine Learning (RL Velocity)	Anthropic	added	London, UK
https://databricks.com/company/careers/open-positions/job?gh_jid=8330188002	2026-06-03	greenhouse-api	AI Engineer - FDE (Forward Deployed Engineer)	Databricks	added	Melbourne, Australia
https://jobs.ashbyhq.com/sierra/b89816c1-80b2-449b-b69e-2c261b8e9e23	2026-06-03	ashby-api	Software Engineer, Agent	Sierra	added	Paris
https://job-boards.eu.greenhouse.io/speechmatics/jobs/4660432101	2026-06-03	greenhouse-api	Machine Learning Engineer	Speechmatics	added	Cambridge, England, United Kingdom
https://jobs.ashbyhq.com/cohere/fea8cc38-1a55-4f1c-a652-8c39c66138fc	2026-06-03	ashby-api	Forward Deployed Engineer, Infrastructure Specialist	Cohere	added	Dubai
https://job-boards.greenhouse.io/celonis/jobs/7762257003?gh_jid=7762257003	2026-06-03	greenhouse-api	Client Value Partner - Retail 	Celonis	added	Munich, Germany
https://job-boards.greenhouse.io/contentful/jobs/7943185	2026-06-03	greenhouse-api	Associate Solution Architect, Professional Services	Contentful	added	New York, New York, United States
https://sumup.com/careers/positions/7875407002?gh_jid=7875407002	2026-06-03	greenhouse-api	Commercial(e) Terrain - Indépendant (Freelance)	SumUp	added	Nanterre, Hauts-de-Seine, France
https://sumup.com/careers/positions/8468190002?gh_jid=8468190002	2026-06-03	greenhouse-api	Commercial Terrain - Indépendant (Freelance)	SumUp	added	Agde, Hérault, France
https://wayve.firststage.co/jobs?gh_jid=8460443002	2026-06-03	greenhouse-api	Application Software Engineer - Relocation to Tokyo	Wayve	added	Singapore
https://job-boards.eu.greenhouse.io/physicsx/jobs/4849382101	2026-06-03	greenhouse-api	Machine Learning Engineer	PhysicsX	added	New York, United States 
https://jobs.ashbyhq.com/synthesia/3cb4a9ce-7f2d-4d37-86a5-f0fa9aa3aa7f	2026-06-03	ashby-api	Technical Support Associate	Synthesia	added	UK Remote
https://jobs.lever.co/palantir/8148182c-6127-4689-b615-7815a94173bb	2026-06-03	lever-api	Forward Deployed Software Engineer	Palantir	added	Dubai, United Arab Emirates
https://jobs.ashbyhq.com/faculty/1b581dd3-456f-40f5-bc33-667c5dcb5874	2026-06-03	ashby-api	Machine Learning Engineer 	Faculty	added	United Kingdom
https://databricks.com/company/careers/open-positions/job?gh_jid=8298792002	2026-06-03	greenhouse-api	AI Engineer - FDE (Forward Deployed Engineer)	Databricks	added	Sydney, Australia
https://jobs.ashbyhq.com/sierra/8f9d2381-aa28-4ad8-bdbd-8b6a7585b56c	2026-06-03	ashby-api	Software Engineer, Agent	Sierra	added	Tokyo
https://jobs.lever.co/palantir/90aa8748-3fef-4e2b-9ea9-c4dc5f37f0d2	2026-06-03	lever-api	Forward Deployed Software Engineer	Palantir	added	Abu Dhabi, United Arab Emirates
https://careers.hellofresh.com/global/en/job/7977406?gh_jid=7977406	2026-06-03	greenhouse-api	Production Associate	HelloFresh	added	Calgary, Alberta, Canada
https://sumup.com/careers/positions/7875409002?gh_jid=7875409002	2026-06-03	greenhouse-api	Commercial(e) Terrain - Indépendant (Freelance)	SumUp	added	Saint-Denis, Seine-Saint-Denis, France
https://sumup.com/careers/positions/7988606002?gh_jid=7988606002	2026-06-03	greenhouse-api	Commercial Terrain - Indépendant (Freelance)	SumUp	added	Rennes, Ille-et-Vilaine, France
https://sumup.com/careers/positions/8529496002?gh_jid=8529496002	2026-06-03	greenhouse-api	Full Stack Engineer - Billings & Subscriptions	SumUp	added	Berlin, Germany
https://n26.com/en-eu/careers/positions/7530714?gh_jid=7530714	2026-06-03	greenhouse-api	Banking Operations Associate - Excellence and Readiness	N26	added	Madrid
https://jobs.ashbyhq.com/synthesia/fb7190d8-76aa-4047-ae71-cbe6ec1b4034	2026-06-03	ashby-api	Technical Support Associate - London	Synthesia	added	London
https://jobs.ashbyhq.com/faculty/ddaee792-5e2b-4f87-aa60-761798762de5	2026-06-03	ashby-api	Machine Learning Engineer 	Faculty	added	London
https://jobs.ashbyhq.com/legora/dcd85828-162e-48a7-a751-e1dc5c29d6eb	2026-06-03	ashby-api	Engagement Associate, Strategic Accounts	Legora	added	London

https://databricks.com/company/careers/open-positions/job?gh_jid=8560401002	2026-06-05	greenhouse-api	AI Engineer - FDE (Forward Deployed Engineer)	Databricks	added	Remote - Netherlands
https://job-boards.greenhouse.io/anthropic/jobs/5248983008	2026-06-05	greenhouse-api	Applied AI Engineer	Anthropic	added	Sydney, Australia
https://jobs.ashbyhq.com/sierra/631848ec-1a74-4067-8b9f-cd04a71aab6d	2026-06-05	ashby-api	Software Engineer, Agent	Sierra	added	Toronto
https://n26.com/en-eu/careers/positions/7981823?gh_jid=7981823	2026-06-05	greenhouse-api	Associate  - Business Continuity Management	N26	added	Berlin
https://n26.com/en-eu/careers/positions/7981827?gh_jid=7981827	2026-06-05	greenhouse-api	Outsourcing Associate	N26	added	Berlin
https://n26.com/en-eu/careers/positions/7946282?gh_jid=7946282	2026-06-05	greenhouse-api	Strategy & Operations Associate - Lending	N26	added	Berlin
https://n26.com/en-eu/careers/positions/7913105?gh_jid=7913105	2026-06-05	greenhouse-api	Strategy & Operations Associate - Lending 	N26	added	Barcelona
https://sumup.com/careers/positions/7988683002?gh_jid=7988683002	2026-06-05	greenhouse-api	Commercial(e) Terrain Indépendant(e)	SumUp	added	Tours, Indre-et-Loire, France
https://sumup.com/careers/positions/8354954002?gh_jid=8354954002	2026-06-05	greenhouse-api	Commercial(e) Terrain - Indépendant (Freelance)	SumUp	added	Levallois-Perret, Hauts-de-Seine, France
https://sumup.com/careers/positions/8355672002?gh_jid=8355672002	2026-06-05	greenhouse-api	Commercial Terrain - Indépendant (Freelance)	SumUp	added	Biarritz, Pyrénées-Atlantiques, France
https://databricks.com/company/careers/open-positions/job?gh_jid=8099751002	2026-06-05	greenhouse-api	AI Engineer - FDE (Forward Deployed Engineer)	Databricks	added	Remote - India
https://jobs.ashbyhq.com/sierra/787c1efd-2327-46e7-9335-59a20ad4be18	2026-06-05	ashby-api	Software Engineer, Agent	Sierra	added	Sydney
https://sumup.com/careers/positions/8354983002?gh_jid=8354983002	2026-06-05	greenhouse-api	Commercial(e) Terrain - Indépendant (Freelance)	SumUp	added	Créteil, Val-de-Marne, France
https://sumup.com/careers/positions/8210443002?gh_jid=8210443002	2026-06-05	greenhouse-api	Commercial Terrain - Indépendant (Freelance)	SumUp	added	Rouen, Seine-Maritime, France
https://jobs.ashbyhq.com/faculty/98f476d9-39ea-4bcc-b908-a6f6b8119fb9	2026-06-05	ashby-api	Machine Learning Engineer 	Faculty	added	London
https://databricks.com/company/careers/open-positions/job?gh_jid=8574655002	2026-06-05	greenhouse-api	AI Engineer - FDE (Forward Deployed Engineer)	Databricks	added	Seoul, South Korea
https://sumup.com/careers/positions/8354971002?gh_jid=8354971002	2026-06-05	greenhouse-api	Commercial(e) Terrain - Indépendant (Freelance)	SumUp	added	Boulogne-Billancourt, Hauts-de-Seine, France
https://sumup.com/careers/positions/7875376002?gh_jid=7875376002	2026-06-05	greenhouse-api	Commercial Terrain - Indépendant (Freelance)	SumUp	added	Le Havre, Seine-Maritime, France
